Workbook

Sheet Document Title 
A7: TM Forum Guidebook
A8: Fixed Access Network Fault Management Questionnaire
A22: GB1523C
A24: Maturity Level: Alpha | B24: Team Approved Date: 29-Jul-2026
A25: Release Status: Pre-production | B25: Approval Status: Member Evaluated
A26: Version 1.0.0 | B26: IPR Mode: RAND
A33: ©TM Forum 2026. All Rights Reserved.

Sheet Notice
A7: Notice
A8: Copyright © TM Forum 2026. All Rights Reserved.
A10: This document and translations of it may be copied and furnished to others, and derivative works that comment on or otherwise explain it or assist in its implementation may be prepared, copied, published, and distributed, in whole or in part, without restriction of any kind, provided that the above copyright notice and this section are included on all such copies and derivative works. However, this document itself may not be modified in any way, including by removing the copyright notice or references to TM FORUM, except as needed for the purpose of developing any document or deliverable produced by a TM FORUM Collaboration Project Team (in which case the rules applicable to copyrights, as set forth in the TM FORUM IPR Policy, must be followed) or as required to translate it into languages other than English.
A12: The limited permissions granted above are perpetual and will not be revoked by TM FORUM or its successors or assigns.
A14: This document and the information contained herein is provided on an "AS IS" basis and TM FORUM DISCLAIMS ALL WARRANTIES, EXPRESS OR IMPLIED, INCLUDING BUT NOT LIMITED TO ANY WARRANTY THAT THE USE OF THE INFORMATION HEREIN WILL NOT INFRINGE ANY OWNERSHIP RIGHTS OR ANY IMPLIED WARRANTIES OF MERCHANTABILITY OR FITNESS FOR A PARTICULAR PURPOSE.
A16: Direct inquiries to the TM Forum office:
A18: 100 Enterprise Drive
A19: Suite 301 #1649
A20: Rockaway, NJ 07866 USA
A21: Tel No. +1 862 227 1648
A22: TM Forum Web Page: www.tmforum.org
A24: ©TM Forum 2026. All Rights Reserved.

Sheet Guideline
B2: I. Introduction (explain the scope of the questionnaire and the reference … How it should be answered and by whom)
B3: This is the Fixed Access Network Fault Management Questionnaire and should be used to assess Fault Management capabilities in Fixed Access Network domains.
B4: The assessment is process-based and intended to be vendor-independent and where possible technology independent. Refer to the process flow on the right side for more details.
B5: Fault Management comprises the processes of Event Management, Incident Management and Field Operations (when applicable).
B6: The questionnaire is based on the principles described in 3GPP TS 28.100 and IG1252.
B7: The participation of relevant Subject Matter Experts is required to complete the assessment, including 1st and 2nd level operation engineers, Fixed Access Network specialists, field operation teams and automation experts.
B8: Questions can include reference to any particular Fixed Access Network domain requirement.
B9: Intelligent models: Apply AI-based intelligence to learn from network behavior in order to predict anomalies which can help in the fault demarcation, proposal & evaluation of actions and adapting decisions based on observed results. This means, the Model shall demonstrate learning and reasoning capabilities beyond predefined rules, thresholds, deterministic automation, or standalone statistical calculations. Dynamically Programable Rules: Implies that the system uses rules that can be adjusted or modified in real-time based on changing conditions or requirements
B10: Options A to D adopt a common approach reflecting System (S), Person supported by System (P/S), and Person (P). They cover increasing levels of autonomy characteristics across the options and therefore should not include any reference to KPI achievement or System accuracy.
B11: The purpose is to assess whether the activity is delivered by the System (S), by a Person supported by a System (P/S), or by a Person (P), according to the Autonomy Table.
B12: Examples of Fixed Access Network faults include OLT hardware failures, ONT/ONU failures, optical power abnormalities, fiber impairments, PON port failures, service session failures, and protocol state abnormalities. Sub-scenarios describe common situations encountered in Fixed Access Network Operations and should be linked to Business Objectives. More detailed guidelines for each question are provided in the guideline section below.
B15: II. Sub-scenarios
... B19: Sub-scenario 4: Service State Abnormality: service or protocol state abnormality caused by peer failure, service malfunction, protocol inconsistencies, or configuration errors. Should include but not be limited to BGP peer failure, OSPF session failure, LACP failure, IGMP failure, and DHCP failure.
C21: III. Guideline for Answering ANL Questionnaire
B22: Cognitive Activity (IAADE) | C22: Service Capability | D22: Question | E22: Answering Guideline
B23: Intent | C23: Intent Translation & Fulfilment | D23: How does the System translate and process intents & ensure intent fulfilment for Fixed Access Fault Management scenarios? Note: Intent examples include MTTR targets for mass outage, prioritization by impacted subscribers/services (Internet/IPTV/VoIP), alarm severity/threshold, correlation/aggregation rules for PON tree, notification/escalation rules, and dispatch preference. | E23: Intent represents the objective of the scenario and its operational boundary. Options A, B, C and D should be assessed according to the level of autonomy demonstrated in the selected Fixed Access fault scenario. (A) The System supports simplified human-system interaction and automatically translates intent into targets, policies and fulfilment criteria. (B) The Operation Team translates intent objectives into rules and policies, enabling the System to execute the selected Fault Management sub-scenarios. Fulfilment is validated using predefined rules and policies. (C) The Operation Team enters Fault Management control information using predefined templates and guided workflows. Fulfilment is verified against the entered information. (D) Fault Management control information and fulfilment verification are manually handled by the Operation Team.
B24: Awareness | C24: Data collection & Alarm filtering | D24: How does the System support data collection, alarm filtering and alarm correlation for Fixed Access fault scenarios? Note: Examples include LOS/LOF/LOM, optical RX/TX power, FEC/BER, OLT/ONT syslog, PPPoE/DHCP sessions, multicast KPI for IPTV, configuration and performance/OAM data. | E24: (A) The System automatically collects multi-source data and adaptively adjusts collection policies based on network condition changes. It performs self-learning based alarm filtering and correlation to remove redundant or non-actionable alarms. (B) The System collects alarms, configuration, performance and related data, and filters/correlates alarms based on manually defined rules. (C) Operators manually select and use the System to collect data and filter invalid or redundant alarms. (D) Data collection and alarm filtering are fully manual.
C25: Fault Prediction | D25: How does the System support fault identification, risk identification and impact analysis in various Fixed Access fault scenarios? Note: Examples include gradual optical power drift, rising FEC/BER before service impact, OLT port error trend, persistent OMCI failures, temperature/power anomalies in cabinets, and impacted subscribers/services. | E25: (A) The System continuously detects risks and predicts fault occurrence and impact using intelligent AI models, enabling proactive actions before service degradation occurs. (B) The System identifies potential risks and impact using dynamically programmable rules, configurable logic or machine learning, and may require human confirmation. (C) The System identifies potential risks and impact using manually predefined rules. (D) Potential risks and impact are manually identified based on human expertise.
B26: Analysis | C26: Fault identification & Impact Analysis | D26: How does the System support fault demarcation for Fixed Access / PON Network? Note: Demarcation should identify the affected domain or segment such as CPE, ONT/ONU, RN/splitter, feeder/distribution fiber, OLT PON port, Ethernet/uplink domain, and affected services/subscribers. | E26: (A) The System automatically demarcates the fault domain and service impact using intelligent models or data-driven analytics. (B) The System demarcates faults and subsequent impact using dynamically programmable rules, configurable logic or machine learning, and may require human confirmation. (C) The System demarcates faults and impact using manually predefined rules. (D) Faults and impact are manually demarcated based on human expertise or manual procedures.
C27: Demarcation & Locating | D27: How does the System support fault locating and root cause analysis in Fixed Access / PON Network? Note: The root cause should be localized to the smallest actionable unit, such as OLT port, optical module/SFP, splitter leg, fiber section, ONT/ONU, estimated fiber distance, or protocol/session issue. | E27: For certain known faults, automation rules alone may identify the root cause along with the solution. In other cases, intelligent models and dynamically programmable rules may be required to cover the scenario scope. (A) The System automatically locates the root cause or smallest actionable unit using intelligent models or dynamic rules. (B) The System locates one or more possible root causes using dynamically programmable rules, configurable logic or machine learning, and may require human confirmation. (C) The System locates faults using manually predefined rules and requires human confirmation. (D) Root cause analysis is manually performed based on human expertise.
C28: Solution Generation | D28: How does the System support generation of fault recovery solutions in various Fixed Access fault scenarios? Note: Examples include OLT uplink redundancy, auto-reset, port migration, optical module/port replacement recommendation, field dispatch scheduling/optimization, and fiber repair planning. | E28: (A) The System automatically generates the optimal recovery or fault rectification solution using intelligent models without manual assistance or intervention. (B) The System generates multiple possible recovery or rectification options using dynamically programmable rules, configurable logic or machine learning, and may require human confirmation. (C) Recovery solutions are generated using manually predefined rules and require human confirmation. (D) Recovery solutions are manually generated based on human expertise.
B29: Decision | C29: Solution Evaluation & Decision Making | D29: How does the System support evaluation and decision of fault recovery solutions in various Fixed Access fault scenarios? Note: Evaluation should consider service priority, affected subscriber count, affected services, expected restoration time, resource constraints such as spare ports/crews, and risk of side effects. | E29: (A) The System automatically evaluates candidate recovery solutions and determines the optimal solution to be executed without human confirmation. (B) The System evaluates multiple candidate recovery solutions and determines the optimal solution using dynamically programmable rules, configurable logic or machine learning. Human approval may be required depending on impact. (C) The System evaluates and selects the best recovery solution using predefined rules, with human selection or approval. (D) Recovery solution evaluation and decision-making are fully manual.
B30: Execution | C30: Solution Implementation | D30: How does the System support automatic solution implementation and on-site instructions? Note: Examples include remote OLT/ONT actions, automated rollback, post-action verification using service sessions/KPIs, guided workflows for field repair, and OTDR-based verification. | E30: (A) The System automatically executes restoration actions and verifies effects end-to-end. For unexpected situations, the System escalates to experts with actionable suggestions. Field handling is guided with context-aware instructions and relevant information retrieval. (B) Operation Teams use the System to execute commands/scripts for faults that can be remotely recovered with human confirmation. On-site handling is assisted by the System and may require NOC assistance. (C) Recovery actions, verification and field guidance are manual and procedure-driven. Note: Align with the Scoring tab. Execution uses A/B/C only; Option D is not used. It is assumed that the cognitive loop is closed by verifying Intent Fulfilment.

Sheet Questionnaire
A1: Value Scenarios | B1: Cognitive Activities (IAADE) | C1: Service capability | D1: Weight | E1: Question | F1: Option A | G1: Option B | H1: Option C | I1: Option D | J1: Sub-scenario | N1: Interpretation on question | O1: Understanding of options
J2: Fixed Access (PON) Major Fault Scenarios
J3: Device & Hardware Failure | K3: Optical Access Degradation | L3: Connectivity Failure | M3: Service State Abnormal
J4: 0.4 | K4: 0.3 | L4: 0.15 | M4: 0.15
A5: Fixed Access - Fault Management | B5: Intent | C5: Intent Translation & Fulfillment | D5: 0.1 | E5: How does the System translate and process intents & ensure intent fulfilment for Fault Management scenarios? Note: Intent examples include MTTR targets for mass outage, prioritization by impacted subscribers/services (Internet/IPTV/VoIP), alarm severity/threshold, correlation/aggregation rules for PON tree, notification/escalation rules, and dispatch preference. | F5: The system supports simplified human-system interaction (e.g., natural language) to capture intent and translates it into targets/policies. | G5: The Operation team translates the Intent objectives to Rules and Policies enabling the System to execute the selected Fault Management sub-scenarios. The fulfilment is validated by the Operation team, using the predefined Rules and Policies | H5: The Operation team enters the Fault Management control information using predefined templates and guided workflows, enabling the System to execute the selected Fault Management sub-scenarios. The Operation team verifies the Intent fulfilment against the manually entered Fault Management information using the predefined templates and guided workflows. | I5: The Fault Management control information is manually entered by the Operation team The Fault Management fulfilment is manually verified by the Operation Team | J5: A | K5: A | L5: A | M5: A
B6: Awareness | C6: Data Collection& Alarm filtering | D6: 0.1 | E6: How does the System support data collection, alarms correlation and fileting? (alarms, logs, configuration, performance/OAM) and alarm filtering/correlation? Note : LOS/LOF/LOM, optical RX/TX power, FEC/BER, OLT/ONT syslog, PPPoE/DHCP sessions, multicast KPI for IPTV. | F6: The system collects multi-source data and adaptively adjusts collection policies based on network condition changes. It performs self-learning based alarm filtering and correlation to remove redundant/non-actionable alarms, enabling accurate diagnosis. | G6: The System collects data (alarm, configuration, and performance data etc.), associates alarms, filters and correlates alarms based on manually defined rules | H6: Manually select and use the System to collect data and filter out invalid/redundant alarms | I6: Data collection and alarm filtering of invalid / redundant alarms are manually done. | J6: A | K6: A | L6: A | M6: A
C7: Fault Prediction | D7: 0.1 | E7: How does the System support fault prediction in various fault scenarios ? | F7: The System identifies potential risks and predicts the fault occurrence time using Intelligent Models without the need for Human intervention | G7: The System identifies potential risks using Dynamically Programmable Rules (Configurable or Machine Learning) and may require human confirmation, but cannot predict the fault occurrence time | H7: The System identifies potential risks using manually defined rules | I7: Potential risks need to be manually identified based on human expertise | J7: A | K7: A | L7: A | M7: A
B8: Analysis | C8: Fault Identification ,Risk identification, impact analysis | D8: 0.1 | E8: How does the System support fault identification & fault impact analysis in various fault scenarios? Note: 1) Impact analysis should cover number of affected subscribers, affected services (Internet/IPTV/VoIP), geographic clustering, and SLA/priority impacts. 2) PON tree topology + timeline + alarm correlations/knowledge graph). It identifies impacted services/subscribers and severity using AI without human intervention. | F8: The system continuously detects risks and predicts fault occurrence and impact using self-learning and enabling proactive actions before serive degradation occurs using intelligent AI model. Note: 1) Impact analysis should cover number of affected subscribers, affected services (Internet/IPTV/VoIP), geographic clustering, and SLA/priority impacts. 2) PON tree topology + timeline + alarm correlations/knowledge graph). It identifies impacted services/subscribers and severity using AI without human intervention. | G8: The System identifies potential risks using Dynamically Programmable Rules (Configurable or Machine Learning) and may require human confirmation, but cannot predict the fault occurrence time | H8: The System identifies potential risks using manually defined rules | I8: Potential risks need to be manually identified based on human expertise | J8: A | K8: A | L8: A | M8: A
C9: Fault Demarcation | D9: 0.1 | E9: How does the system support fault demarcation for PON Network? Note : demarcate CPE (PC-AP-ONT/ONU) - RN(splitter) - OLT | F9: The system demarcates faults and the root cause within minutes using intelligent AI mode. Note : demarcate CPE (PC-AP-ONT/ONU) -RN(splitter) - OLT | G9: The System demarcates faults and subsequent impact using Dynamically Programmable Rules (Configurable or Machine Learning) and may require human confirmation | H9: The System demarcates faults and subsequent impact using manually defined rules | I9: Faults and impact need to be manually demarcated based on human expertise or through the execution of manual written procedures. | J9: A | K9: A | L9: A | M9: A
C10: Fault Locating and Root Cause Analysis | D10: 0.1 | E10: How does the system support fault Locating and root cause locating in PON Network? Note : locate smallest replaceable unit (OLT port/SFP, specific splitter leg, estimated fiber distance | F10: "The system locates the single root cause using intelligent AI Models without the need for Human confirmation Note : locate smallest replaceable unit (OLT port/SFP, specific splitter leg, estimated fiber distance | G10: The System locates multiple causes using Dynamically Programmable Rules (Configurable or Machine Learning) and may require human confirmation. | H10: The System locates faults using manually defined rules and needs Human confirmation. | I10: Fault diagnosis needs to be manually performed based on expertise. | J10: A | K10: A | L10: A | M10: A
C11: Solution Generation | D11: 0.1 | E11: How does the System support generation of fault recovery solutions in various scenarios? Note : OLT Uplink Redundancy, Auto-reset, schedule/optimize field dispatch for fiber repair. | F11: The System generates the optimal recovery or fault rectification solution using Intelligent AI Models without the need for Human confirmation. | G11: The System generates multiple possible recovery or rectification solutions, Dynamically Programmable Rules (Configurable or Machine Learning) and may require human confirmation | H11: The System generates the optimal recovery or fault rectification solution through predefined rules and needs Human confirmation | I11: The recovery solution needs to be manually generated based on human expertise | J11: A | K11: A | L11: A | M11: A
B12: Decision | C12: Solution Evaluation & Decision Making | D12: 0.15 | E12: How does the System support evaluation & decision of fault recovery solutions in various scenarios? Note: Evaluation should consider service priority, affected subscriber count, expected restoration time, resource constraints (spare ports, crews), and risk of side effects. | F12: The System evaluates and determines the optimal recovery or fault rectification solution to be executed using Intelligent Models, without the need for Human confirmation. | G12: The System evaluates multiple possible recovery or fault rectification solutions and determines the optimal solution to be executed Dynamically Programmable Rules (Configurable or Machine Learning) and may require human confirmation | H12: The System evaluates and selects the best recovery or fault rectification solutions using predefined rules. | I12: The recovery of fault rectification solution is manually evaluated and determined | J12: A | K12: A | L12: A | M12: A
B13: Execution | C13: Solution Implementation | D13: 0.15 | E13: How does the System support automatic solution implementation? Note : remote OLT/ONT actions, automated rollback, post-action verification using service sessions/KPIs, and guided workflows for field repair and OTDR verification. | F13: 1) The system automatically executes restoration actions and verifies effects end-to-end; for unexpected situations it escalates to experts with actionable suggestions. Note : Field handling is guided by an intelligent Copilot with context-aware instructions and information retrieval. | G13: Operation Teams use the system to execute instructions: 1)The System executes commands/ scripts for the fault that can be remotely recovered with human confirmation. 2)The on-site handling are assisted by the System, and requires assistance from NOC. | H13: The recovery solution needs to be manually implemented 1) The recovery solution need to be manually implemented. 2) On-site handling is guided by NOC | J13: A | K13: A | L13: A | M13: A

Sheet Scoring
A1: High-Value Scenario | B1: Cognitive Activity (IAADE) | C1: Service Capability | D1: Weight | E1: Question | F1: Method: Average
F2: Criteria | J2: =Questionnaire!J3 -> Device & Hardware Failure | M2: =Questionnaire!J4 -> 0.4 | N2: =Questionnaire!K3 -> Optical Access Degradation | Q2: =Questionnaire!K4 -> 0.3 | R2: =Questionnaire!L3 -> Connectivity Failure | U2: =Questionnaire!L4 -> 0.15 | V2: =Questionnaire!M3 -> Service State Abnormal | Y2: =Questionnaire!M4 -> 0.15 | Z2: final score
F3: Option A | G3: Option B | H3: Option C | I3: Option D | J3: Original score | L3: Compensated score | M3: Overall Score | N3: Original score | P3: Compensated score | Q3: Overall Score | R3: Original score | T3: Compensated score | U3: Overall Score | V3: Original score | X3: Compensated score | Y3: Overall Score
A4: Fixed Access - Fault Management | B4: Intent | C4: Intent Translation & Fulfillment | D4: 0.1 | E4: How does the System translate and process intents & ensure intent fulfilment ? | F4: 4 | G4: 3 | H4: 2 | I4: 1 | J4: =Questionnaire!J5 -> A | K4: =IF(J4="A",$F4,IF(J4="B",$G4, IF(J4="C",$H4, IF(J4="D",$I4)))) -> 4 | L4: =K4 -> 4 | M4: =SUMPRODUCT(L4:L12,$D$4:$D$12) -> 4 | N4: =Questionnaire!K5 -> A | O4: =IF(N4="A",$F4,IF(N4="B",$G4, IF(N4="C",$H4, IF(N4="D",$I4)))) -> 4 | P4: =O4 -> 4 | Q4: =SUMPRODUCT(P4:P12,$D$4:$D$12) -> 4 | R4: =Questionnaire!L5 -> A | S4: =IF(R4="A",$F4,IF(R4="B",$G4, IF(R4="C",$H4, IF(R4="D",$I4)))) -> 4 | T4: =S4 -> 4 | U4: =SUMPRODUCT(T4:T12,$D$4:$D$12) -> 4 | V4: =Questionnaire!M5 -> A | W4: =IF(V4="A",$F4,IF(V4="B",$G4, IF(V4="C",$H4, IF(V4="D",$I4)))) -> 4 | X4: =W4 -> 4 | Y4: =SUMPRODUCT(X4:X12,$D$4:$D$12) -> 4 | Z4: =(M2*M4+Q2*Q4+U2*U4+Y2*Y4)/(M2+Q2+U2+Y2) -> 4
B5: Awareness | C5: Data Collection& Alarm filtering | D5: 0.1 | E5: How does the System support data collection, alarms correlation and fileting? | F5: 3 | G5: 2 | H5: 1 | I5: 0 | J5: =Questionnaire!J6 -> A | K5: =IF(J5="A",$F5,IF(J5="B",$G5, IF(J5="C",$H5, IF(J5="D",$I5)))) -> 3 | L5: =IF(AND(K5=3,AVERAGE(K$4,K$6,K$7,K$8,K$9,K$10,K$11)>3),AVERAGE(K$4,K$6,K$7,K$8,K$9,K$10,K$11),K5) -> 4 | N5: =Questionnaire!K6 -> A | O5: =IF(N5="A",$F5,IF(N5="B",$G5, IF(N5="C",$H5, IF(N5="D",$I5)))) -> 3 | P5: =IF(AND(O5=3,AVERAGE(O$4,O$6,O$7,O$8,O$9,O$10,O$11)>3),AVERAGE(O$4,O$6,O$7,O$8,O$9,O$10,O$11),O5) -> 4 | R5: =Questionnaire!L6 -> A | S5: =IF(R5="A",$F5,IF(R5="B",$G5, IF(R5="C",$H5, IF(R5="D",$I5)))) -> 3 | T5: =IF(AND(S5=3,AVERAGE(S$4,S$6,S$7,S$8,S$9,S$10,S$11)>3),AVERAGE(S$4,S$6,S$7,S$8,S$9,S$10,S$11),S5) -> 4 | V5: =Questionnaire!M6 -> A | W5: =IF(V5="A",$F5,IF(V5="B",$G5, IF(V5="C",$H5, IF(V5="D",$I5)))) -> 3 | X5: =IF(AND(W5=3,AVERAGE(W$4,W$6,W$7,W$8,W$9,W$10,W$11)>3),AVERAGE(W$4,W$6,W$7,W$8,W$9,W$10,W$11),W5) -> 4
C6: Fault Prediction | D6: 0.1 | E6: How does the System support data collection, alarms correlation and fileting? | F6: 4 | G6: 3 | H6: 2 | I6: 1 | J6: =Questionnaire!J7 -> A | K6: =IF(J6="A",$F6,IF(J6="B",$G6, IF(J6="C",$H6, IF(J6="D",$I6)))) -> 4 | L6: =K6 -> 4 | N6: =Questionnaire!K7 -> A | O6: =IF(N6="A",$F6,IF(N6="B",$G6, IF(N6="C",$H6, IF(N6="D",$I6)))) -> 4 | P6: =O6 -> 4 | R6: =Questionnaire!L7 -> A | S6: =IF(R6="A",$F6,IF(R6="B",$G6, IF(R6="C",$H6, IF(R6="D",$I6)))) -> 4 | T6: =S6 -> 4 | V6: =Questionnaire!M7 -> A | W6: =IF(V6="A",$F6,IF(V6="B",$G6, IF(V6="C",$H6, IF(V6="D",$I6)))) -> 4 | X6: =W6 -> 4
B7: Analysis | C7: Fault Identification ,Risk identification, impact analysis | D7: 0.1 | E7: How does the System support fault identification, risk identification and subsequent impact analysis? | F7: 4 | G7: 3 | H7: 2 | I7: 1 | J7: =Questionnaire!J8 -> A | K7: =IF(J7="A",$F7,IF(J7="B",$G7, IF(J7="C",$H7, IF(J7="D",$I7)))) -> 4 | L7: =K7 -> 4 | N7: =Questionnaire!K8 -> A | O7: =IF(N7="A",$F7,IF(N7="B",$G7, IF(N7="C",$H7, IF(N7="D",$I7)))) -> 4 | P7: =O7 -> 4 | R7: =Questionnaire!L8 -> A | S7: =IF(R7="A",$F7,IF(R7="B",$G7, IF(R7="C",$H7, IF(R7="D",$I7)))) -> 4 | T7: =S7 -> 4 | V7: =Questionnaire!M8 -> A | W7: =IF(V7="A",$F7,IF(V7="B",$G7, IF(V7="C",$H7, IF(V7="D",$I7)))) -> 4 | X7: =W7 -> 4
C8: Fault Demarcation | D8: 0.1 | E8: How does the system support fault demarcation? | F8: 4 | G8: 3 | H8: 2 | I8: 1 | J8: =Questionnaire!J9 -> A | K8: =IF(J8="A",$F8,IF(J8="B",$G8, IF(J8="C",$H8, IF(J8="D",$I8)))) -> 4 | L8: =K8 -> 4 | N8: =Questionnaire!K9 -> A | O8: =IF(N8="A",$F8,IF(N8="B",$G8, IF(N8="C",$H8, IF(N8="D",$I8)))) -> 4 | P8: =O8 -> 4 | R8: =Questionnaire!L9 -> A | S8: =IF(R8="A",$F8,IF(R8="B",$G8, IF(R8="C",$H8, IF(R8="D",$I8)))) -> 4 | T8: =S8 -> 4 | V8: =Questionnaire!M9 -> A | W8: =IF(V8="A",$F8,IF(V8="B",$G8, IF(V8="C",$H8, IF(V8="D",$I8)))) -> 4 | X8: =W8 -> 4
C9: Fault Locating and Root Cause Analysis | D9: 0.1 | E9: How does the system support root cause analysis? | F9: 4 | G9: 3 | H9: 2 | I9: 1 | J9: =Questionnaire!J10 -> A | K9: =IF(J9="A",$F9,IF(J9="B",$G9, IF(J9="C",$H9, IF(J9="D",$I9)))) -> 4 | L9: =K9 -> 4 | N9: =Questionnaire!K10 -> A | O9: =IF(N9="A",$F9,IF(N9="B",$G9, IF(N9="C",$H9, IF(N9="D",$I9)))) -> 4 | P9: =O9 -> 4 | R9: =Questionnaire!L10 -> A | S9: =IF(R9="A",$F9,IF(R9="B",$G9, IF(R9="C",$H9, IF(R9="D",$I9)))) -> 4 | T9: =S9 -> 4 | V9: =Questionnaire!M10 -> A | W9: =IF(V9="A",$F9,IF(V9="B",$G9, IF(V9="C",$H9, IF(V9="D",$I9)))) -> 4 | X9: =W9 -> 4
C10: Solution Generation | D10: 0.1 | E10: How does the System support generation of fault recovery solutions? | F10: 4 | G10: 3 | H10: 2 | I10: 1 | J10: =Questionnaire!J11 -> A | K10: =IF(J10="A",$F10,IF(J10="B",$G10, IF(J10="C",$H10, IF(J10="D",$I10)))) -> 4 | L10: =K10 -> 4 | N10: =Questionnaire!K11 -> A | O10: =IF(N10="A",$F10,IF(N10="B",$G10, IF(N10="C",$H10, IF(N10="D",$I10)))) -> 4 | P10: =O10 -> 4 | R10: =Questionnaire!L11 -> A | S10: =IF(R10="A",$F10,IF(R10="B",$G10, IF(R10="C",$H10, IF(R10="D",$I10)))) -> 4 | T10: =S10 -> 4 | V10: =Questionnaire!M11 -> A | W10: =IF(V10="A",$F10,IF(V10="B",$G10, IF(V10="C",$H10, IF(V10="D",$I10)))) -> 4 | X10: =W10 -> 4
B11: Decision | C11: Solution Evaluation & Decision Making | D11: 0.15 | E11: How does the System support evaluation & decision of fault recovery solutions? Note: 1) Emergency restoration solution may be compute alternative paths based on service SLA requirement. 2) Repair solution may be repair power supply. | F11: 4 | G11: 3 | H11: 2 | I11: 1 | J11: =Questionnaire!J12 -> A | K11: =IF(J11="A",$F11,IF(J11="B",$G11, IF(J11="C",$H11, IF(J11="D",$I11)))) -> 4 | L11: =K11 -> 4 | N11: =Questionnaire!K12 -> A | O11: =IF(N11="A",$F11,IF(N11="B",$G11, IF(N11="C",$H11, IF(N11="D",$I11)))) -> 4 | P11: =O11 -> 4 | R11: =Questionnaire!L12 -> A | S11: =IF(R11="A",$F11,IF(R11="B",$G11, IF(R11="C",$H11, IF(R11="D",$I11)))) -> 4 | T11: =S11 -> 4 | V11: =Questionnaire!M12 -> A | W11: =IF(V11="A",$F11,IF(V11="B",$G11, IF(V11="C",$H11, IF(V11="D",$I11)))) -> 4 | X11: =W11 -> 4
B12: Execution | C12: Solution Implementation | D12: 0.15 | E12: How does the system support automatic solution implementation and on-site intructions? | F12: 2 | G12: 1 | H12: 0 | I12: 0 | J12: =Questionnaire!J13 -> A | K12: =IF(J12="A",$F12,IF(J12="B",$G12, IF(J12="C",$H12, IF(J12="D",$I12)))) -> 2 | L12: =IF(AND(K12=2,AVERAGE(K$4,K$6,K$7,K$8,K$9,K$10,K$11)>2),AVERAGE(K$4,K$6,K$7,K$8,K$9,K$10,K$11),K12) -> 4 | N12: =Questionnaire!K13 -> A | O12: =IF(N12="A",$F12,IF(N12="B",$G12, IF(N12="C",$H12, IF(N12="D",$I12)))) -> 2 | P12: =IF(AND(O12=2,AVERAGE(O$4,O$6,O$7,O$8,O$9,O$10,O$11)>2),AVERAGE(O$4,O$6,O$7,O$8,O$9,O$10,O$11),O12) -> 4 | R12: =Questionnaire!L13 -> A | S12: =IF(R12="A",$F12,IF(R12="B",$G12, IF(R12="C",$H12, IF(R12="D",$I12)))) -> 2 | T12: =IF(AND(S12=2,AVERAGE(S$4,S$6,S$7,S$8,S$9,S$10,S$11)>2),AVERAGE(S$4,S$6,S$7,S$8,S$9,S$10,S$11),S12) -> 4 | V12: =Questionnaire!M13 -> A | W12: =IF(V12="A",$F12,IF(V12="B",$G12, IF(V12="C",$H12, IF(V12="D",$I12)))) -> 2 | X12: =IF(AND(W12=2,AVERAGE(W$4,W$6,W$7,W$8,W$9,W$10,W$11)>2),AVERAGE(W$4,W$6,W$7,W$8,W$9,W$10,W$11),W12) -> 4
B15: Note: Automatic formula calculation. Do not modify it.

Sheet E2E Automation Ratio Checklist
A1: Sub Scenarios Service Capability | C1: Answer
C2: =Questionnaire!J3 -> Device & Hardware Failure | D2: =Questionnaire!K3 -> Optical Access Degradation | E2: =Questionnaire!L3 -> Connectivity Failure | F2: =Questionnaire!M3 -> Service State Abnormal
A3: Fault distribution (Total>=90%) | C3: =Questionnaire!J4 -> 0.4 | D3: =Questionnaire!K4 -> 0.3 | E3: =Questionnaire!L4 -> 0.15 | F3: =Questionnaire!M4 -> 0.15
A4: Intent | B4: =Questionnaire!C5 -> Intent Translation & Fulfillment | C4: =IF(Questionnaire!J5="A", "S","P") -> S | D4: =IF(Questionnaire!K5="A", "S","P") -> S | E4: =IF(Questionnaire!L5="A", "S","P") -> S | F4: =IF(Questionnaire!M5="A", "S","P") -> S
A5: Awareness | B5: Data Collection& Alarm filtering | C5: =IF(Questionnaire!J6="A", "S","P") -> S | D5: =IF(Questionnaire!K6="A", "S","P") -> S | E5: =IF(Questionnaire!L6="A", "S","P") -> S | F5: =IF(Questionnaire!M6="A", "S","P") -> S
B6: =Questionnaire!C7 -> Fault Prediction | C6: =IF(Questionnaire!J7="A", "S","P") -> S | D6: =IF(Questionnaire!K7="A", "S","P") -> S | E6: =IF(Questionnaire!L7="A", "S","P") -> S | F6: =IF(Questionnaire!M7="A", "S","P") -> S
A7: Analysis | B7: =Questionnaire!C8 -> Fault Identification ,Risk identification, impact analysis | C7: =IF(Questionnaire!J8="A", "S","P") -> S | D7: =IF(Questionnaire!K8="A", "S","P") -> S | E7: =IF(Questionnaire!L8="A", "S","P") -> S | F7: =IF(Questionnaire!M8="A", "S","P") -> S
B8: =Questionnaire!C9 -> Fault Demarcation | C8: =IF(Questionnaire!J9="A", "S","P") -> S | D8: =IF(Questionnaire!K9="A", "S","P") -> S | E8: =IF(Questionnaire!L9="A", "S","P") -> S | F8: =IF(Questionnaire!M9="A", "S","P") -> S
B9: =Questionnaire!C10 -> Fault Locating and Root Cause Analysis | C9: =IF(Questionnaire!J10="A", "S","P") -> S | D9: =IF(Questionnaire!K10="A", "S","P") -> S | E9: =IF(Questionnaire!L10="A", "S","P") -> S | F9: =IF(Questionnaire!M10="A", "S","P") -> S
B10: =Questionnaire!C11 -> Solution Generation | C10: =IF(Questionnaire!J11="A", "S","P") -> S | D10: =IF(Questionnaire!K11="A", "S","P") -> S | E10: =IF(Questionnaire!L11="A", "S","P") -> S | F10: =IF(Questionnaire!M11="A", "S","P") -> S
A11: Decision | B11: =Questionnaire!C12 -> Solution Evaluation & Decision Making | C11: =IF(Questionnaire!J12="A", "S","P") -> S | D11: =IF(Questionnaire!K12="A", "S","P") -> S | E11: =IF(Questionnaire!L12="A", "S","P") -> S | F11: =IF(Questionnaire!M12="A", "S","P") -> S
A12: Execution | B12: =Questionnaire!C13 -> Solution Implementation | C12: =IF(Questionnaire!J13="A", "S","P") -> S | D12: =IF(Questionnaire!K13="A", "S","P") -> S | E12: =IF(Questionnaire!L13="A", "S","P") -> S | F12: =IF(Questionnaire!M13="A", "S","P") -> S
A13: whether end-to-end automation is achieved | C13: =IF(COUNTIF(C6:C12, "")>0, "N",IF(COUNTIF(C6:C12, "P")=0,"Y","N")) -> Y | D13: =IF(COUNTIF(D6:D12, "")>0, "N",IF(COUNTIF(D6:D12, "P")=0,"Y","N")) -> Y | E13: =IF(COUNTIF(E6:E12, "")>0, "N",IF(COUNTIF(E6:E12, "P")=0,"Y","N")) -> Y | F13: =IF(COUNTIF(F6:F12, "")>0, "N",IF(COUNTIF(F6:F12, "P")=0,"Y","N")) -> Y
A14: End-to-End Automation Rate=Sum of the Proportions of End-to-End Automated Sub-scenarios in the Live Network | F14: =SUMIFS(A3:F3, A13:F13, "Y") -> 1
A16: P: People | B16: S: System | C16: NA: Not Applicable

Sheet Administrative Appendix
A6: Administrative Appendix
A7: Document History
A8: Version History
A9: Version Number | B9: Date Modified | C9: Modified by: | D9: Description of Change
A10: 1.0.0 | B10: 46233 | C10: Sannah Sibaya | D10: Initial Release
A13: Release History
A14: Release Status | B14: Date Modified | C14: Modified by: | D14: Description of Change
A15: Pre-production | B15: 46233 | C15: Sannah Sibaya | D15: Initial Release
A16: Pre-production | B16: 46272 | C16: Adrienne Walcott | D16: Updated to Member Evaluated status
A39: ©TM Forum 2026. All Rights Reserved.

Sheet Acknowledgements
A7: Acknowledgements
A8: This document was prepared by the members of the TM Forum Autonomous Networks project team.
A10: Team Member (@mention) | B10: Company | C10: Role*
A11: Kevin McDonnell | B11: Huawei | C11: Project Chair
A12: Pedro Garcia Parra | B12: Telefónica | C12: Project Co-Chair
A13: Fernando Camacho | B13: Huawei | C13: Project Co-Chair
A14: Juntae Ahn | B14: LG U+ | C14: Author
A15: Tony Salim | B15: Ericsson | C15: Key Contributor
A16: Jinsoo Kim | B16: LG U+ | C16: Key Contributor
A17: Taeyoung Kim | B17: LG U+ | C17: Key Contributor
A18: Seungbin Jeon | B18: LG U+ | C18: Key Contributor
A19: Daehyeong Song | B19: LG U+ | C19: Key Contributor
A20: Changjun Kim | B20: LG U+ | C20: Key Contributor
A21: Minjong Kim | B21: LG U+ | C21: Key Contributor
... A24: Luqman Shantal | B24: Makman Technology Consulting | C24: Key Contributor
A26: *Selected from: Project Chair, Project Co-Chair, Author, Editor, Key Contributor, Additional Input, Reviewer
A39: ©TM Forum 2026. All Rights Reserved.
