Workbook
Name _Hlk182563918: Acknowledgements!$A$45

Sheet Document Title 
A7: TM Forum Best Practice
A8: IP Network Fault Management Questionnaire
A19: GB1523E
A21: Maturity Level: General Availability (GA) | B21: Team Approved Date: 30-Jul-2026
A22: Release Status: Production | B22: Approval Status: TM Forum Approved
A23: Version 2.0.2 | B23: IPR Mode: RAND
A32: ©TM Forum 2026. All Rights Reserved.

Sheet Notice
A13: Notice
A14: Copyright © TM Forum 2026. All Rights Reserved.
A16: This document and translations of it may be copied and furnished to others, and derivative works that comment on or otherwise explain it or assist in its implementation may be prepared, copied, published, and distributed, in whole or in part, without restriction of any kind, provided that the above copyright notice and this section are included on all such copies and derivative works. However, this document itself may not be modified in any way, including by removing the copyright notice or references to TM FORUM, except as needed for the purpose of developing any document or deliverable produced by a TM FORUM Collaboration Project Team (in which case the rules applicable to copyrights, as set forth in the TM FORUM IPR Policy, must be followed) or as required to translate it into languages other than English.
A18: The limited permissions granted above are perpetual and will not be revoked by TM FORUM or its successors or assigns.
A20: This document and the information contained herein is provided on an "AS IS" basis and TM FORUM DISCLAIMS ALL WARRANTIES, EXPRESS OR IMPLIED, INCLUDING BUT NOT LIMITED TO ANY WARRANTY THAT THE USE OF THE INFORMATION HEREIN WILL NOT INFRINGE ANY OWNERSHIP RIGHTS OR ANY IMPLIED WARRANTIES OF MERCHANTABILITY OR FITNESS FOR A PARTICULAR PURPOSE.
A22: TM FORUM invites any TM FORUM Member or any other party that believes it has patent claims that would necessarily be infringed by implementations of this TM Forum Standards Final Deliverable, to notify the TM FORUM Team Administrator and provide an indication of its willingness to grant patent licenses to such patent claims in a manner consistent with the IPR Mode of the TM FORUM Collaboration Project Team that produced this deliverable.
A24: The TM FORUM invites any party to contact the TM FORUM Team Administrator if it is aware of a claim of ownership of any patent claims that would necessarily be infringed by implementations of this TM FORUM Standards Final Deliverable by a patent holder that is not willing to provide a license to such patent claims in a manner consistent with the IPR Mode of the TM FORUM Collaboration Project Team that produced this TM FORUM Standards Final Deliverable. TM FORUM may include such claims on its website but disclaims any obligation to do so.
A26: TM FORUM takes no position regarding the validity or scope of any intellectual property or other rights that might be claimed to pertain to the implementation or use of the technology described in this TM FORUM Standards Final Deliverable or the extent to which any license under such rights might or might not be available; neither does it represent that it has made any effort to identify any such rights. Information on TM FORUM's procedures with respect to rights in any document or deliverable produced by a TM FORUM Collaboration Project Team can be found on the TM FORUM website. Copies of claims of rights made available for publication and any assurances of licenses to be made available, or the result of an attempt made to obtain a general license or permission for the use of such proprietary rights by implementers or users of this TM FORUM Standards Final Deliverable, can be obtained from the TM FORUM Team Administrator. TM FORUM makes no representation that any information or list of intellectual property rights will at any time be complete, or that any claims in such list are, in fact, Essential Claims.
A30: Direct inquiries to the TM Forum office:
A32: 100 Enterprise Drive
A33: Suite 301 #1649
A34: Rockaway, NJ 07866 USA
... A38: ©TM Forum 2026. All Rights Reserved.

Sheet Introduction
A1: Introduction
A2: 1. About the questionnaire: Fault management is important in operators' daily O&M.The assessment is questionnaire-based and it is used to evaluate the Autonomous Networks (AN) level in the fault management scenarios in IP network domain. The questionnaire is applicable for IP networks such as IPRAN, IPCORE. For each cognitive activity in the process of fault management, service capabilities are described and provided with several options that represent capability of different level of automation and intelligence, option A always represents capability with highest level of automation and intelligence. By filling the answers of options, the overall score could be calculated automatically by the "scoring" page.
A3: 2. The principle for selecting option：A specific option could be selected only when the capabilities of the option are all satisfied. For example, if the capabilities of option A could only be partially satisfied, then option A should not be selected and other options should be further evaluated and selected.
A4: 3. Sub-scenarios: 3 categories that include 8 types of sub-scenarios are given in the "Answer" part, classified according to different fault management objects. For example, if the fault management intent is setting the highest priority for repairing the interrupted VPNs (the fault management object is VPN in interruption sub-scenario), then answers should be given in the "VPN interruption" column. The scope and possible causes of the sub-scenarios are listed as follows, Sub-scenairo-1: Hardware Failure: caused by function abnormal, hardware in wrong position, etc. Should include but not limit to board failure, fan failure. Sub-scenairo-2: Device Offline: device is unaccessable from remote O&M system caused by fiber cut, pigtail fall off, mis-configuration, etc. Sub-scenairo-3: Optical Module Failure or Optical Power Abnormal：optical module abnormal caused by fiber cut, dirty interface, etc. Sub-scenairo-4: Port Failure: include physical port down, logical port down, and related link down (i.e, physical link down, L2 link down, L3 link down),caused by fiber cut, pigtails fall off, dirty fiber port, mis-configuration of IP address, etc. Sub-scenairo-5: High Error Rate: the bit error rate of a port is extremely high caused by dirty fiber port, pigtails fall off. etc. Sub-scenairo-6: Protocol State Abnormal: should include but not limit to IGP and BGP peer state abnormal, BFD session abnormal, caused by peer power off, mis-configuration, etc. Sub-scenairo-7: VPN Degradation: quality of VPN degrades caused by dirty fiber port, unreasonable bandwidth limit,etc. Sub-scenairo-8: VPN Interruption: VPN outage caused by fiber cut, device power off, etc.
A5: 4. The overall scoring method: The average scoring method is recommended. It calculates an overall score by accumulating the score of each question and its weight.
A6: 5. Reference 1) The design of the questionnaire is in compliance with the methodology provided by TMF IG 1252. 2) The design of cognitive activities and service capabilities in IP domain is in compliance with ETSI GR ENI 035.
A11: Change History
A12: Date | B12: Subject(s) | C12: Version
A13: 45540 | B13: Initial version: IP Network Fault Management Questionnaire | C13: 0.9.1
A14: 45547 | B14: Add introduction, scoring, acknowledgements page. | C14: 0.9.2
A15: 45665 | B15: clean version | C15: 1.0.0
A16: 45982 | B16: 1) Align with the FM template IG1252A v1.0.0 (service capability, autonomy level description in options), the capability of Awareness needed further alignment. 2) Delete redundant notes. 3) Combine "Risk Identification" into "Fault Identification" as "Fault Identification ,Risk identification, impact analysis" 4) Update the scoring sheet based on 1)-3). | C16: 1.2.0
A17: 46108 | B17: Add KEIs | C17: 2.0.0
A18: 46128 | B18: Fix anomaly in scoring | C18: 2.0.1
A19: 46232 | B19: Adjust the ratio of sub-scenario "device offline" from 5% to 10% based on CSP's experience | C19: 2.0.2

Sheet IP Network - Fault Management
A1: Value Scenarios | B1: Cognitive Activities (IAADE) | C1: Service capability | D1: Weight | E1: Question | F1: Option A | G1: Option B | H1: Option C | I1: Option D | J1: Consistency of standards Yes/No | K1: Standard source (The 3GPP/ETSI standard is detailed to chapters/paragraphs.) | P1: Answer | X1: Interpretation on question | Y1: Understanding of options
P2: Equipment | Q2: Communication | V2: Quality of service
P3: Hardware Failure (should include but not limit to board failure, fan failure) | Q3: Device Offline | R3: Optical Module Failure or Optical Power Abnormal | S3: Port Failure | T3: High Error Rate | U3: Protocol State Abnormal (should include but not limit to IGP and BGP peer state abnormal, BFD session abnormal) | V3: VPN Degradation | W3: VPN Interruption
L4: Option A | M4: Option B | N4: Option C | O4: Option D | P4: 0.05 | Q4: 0.1 | R4: 0.15 | S4: 0.4 | T4: 0.05 | U4: 0.1 | V4: 0.1 | W4: 0.05
A5: IP Network - Fault Management | B5: Intent | C5: Intent Translation & Fulfillment | D5: 0.1 | E5: How does the System translate and process intents & ensure intent fulfilment ? Note: 1) Intent could be fault management requirements such as MTTR (mean time to repair) , troubleshooting priority (e.g., emergency restoration in highest priority ), customized troubleshooting preference based on fault impact scope and severity, etc. 2) Fault management target include alarm severity, alarm threshold, alarm aggregation rules, fault notification rules, etc. | F5: The system supports the input of fault management intent by simplified human-system interaction (e.g., nature language user interface provided by system), system automatically translates the intent into fault management targets . The System evaluates intent fulfillment based on the implementation effect, providing overview of fault management results, including automatically fault-handling results and the suggestions for faults that required manually handling, etc. | G5: The System processes Intent through the execution of predefined Rules and Policies. Intent fulfillment is manually evaluated | H5: Fault management task targets and policies are manually defined based on expertise. Manually evaluate the effect after the intention is implemented. | I5: Manually set fault management targets based on expertise(such as setting alarm severity and classification) . | J5: Yes | K5: ETSI GR ENI 035 5.3.2 Monitoring and Troubleshooting -Task: Intent management | L5: 4 | M5: 3 | N5: 2 | O5: 1 | P5: D | Q5: D | R5: D | S5: D | T5: D | U5: D | V5: D | W5: D
B6: Awareness | C6: Data Collection& Alarm filtering | D6: 0.1 | E6: How does the System support data collection, alarms correlation and fileting? Note: All types and fault-related indicators mentioned in options should be covered when choosing a related option | F6: The system automatically collects fault-related indicators including alarms, logs, performance, and OAM data, detecting service and network status in minutes, and automatically associates alarms, filters & correlates alarms. For specific sub-scenarios, data awareness at higher precision is needed for accurate root cause analysis: 1) For sub-scenario "device offline", milisecond-level optical power data is needed. 2)For sub-scenario "Port Failure", data collection of OTDR is needed. | G6: The system automatically collects fault-related indicators including alarms, logs, performance, detecting service and network status within 15 minutes or 24 hours, associates alarms, filters & correlates alarms based on manually defined rules. | H6: Manually select and use the System to collect data and filter out invalid/redundant alarms | I6: Data collection and alarm filtering of invalid / redundant alarms are manually done. | J6: Yes | K6: ETSI GR ENI 035 5.3.2 Monitoring and Troubleshooting -Task: Fault Awareness | L6: 3 | M6: 2 | N6: 1 | P6: D | Q6: D | R6: D | S6: D | T6: D | U6: D | V6: D | W6: D
B7: Analysis | C7: Fault Identification ,Risk identification, impact analysis | D7: 0.15 | E7: How does the System support fault identification, risk identification and subsequent impact analysis? Note: These four sub-scenarios are required to consider petential risk: Optical Module Failure or Optical Power Abnormal, High Error Rate, Protocol State Abnormal, VPN Degradation. | F7: The system identifies faults, potential risk and subsequent impact with severity based on AL modes without need for Human intervention. Note: The AI models should conduct analysis based on multi-dimensional data including service topology (e.g., consists of L2VPN, L3VPN, L2EVPN, L3EVPN, SRv6-Policy, etc.), physical topology, performance data, alarm correlations, etc. | G7: The System identifies faults, potential risk and subsequent impact based on Dynamic programable rules (configurable or ML), but may needs human confirmation | H7: The System identifies faults, potential risk and subsequent impact based on manually defined rules | I7: Faults,potential risk and impact need to be manually identified based on human expertise or through the execution of manual written procedures. | J7: Yes | K7: ETSI GR ENI 035 6.4.2 Process Task Definition -Task: Fault detection, IETF draft-ietf-nmop-network-incident-yang | L7: 4 | M7: 3 | N7: 2 | O7: 1 | P7: D | Q7: D | R7: D | S7: D | T7: D | U7: D | V7: D | W7: D
C8: Fault Demarcation | D8: 0.15 | E8: How does the system support fault demarcation? Note: 1) Examples of demarcation involve pinpointing the exact roles of malfunctioning routers, like identifying whether they are access routers, aggregation routers, or Autonomous System Boundary Router (ASBR). | F8: The system automatically demarcates the faults based on AI models without manual intervention. | G8: The system demarcates the faults based on Dynamic programable rules (configurable or ML), results may need manually confirmation. | H8: The system demarcates the faults based on manually defined rules, results need manually confirmation. | I8: Manually demarcates the fault based on data such as operation logs and captured packets. | J8: Yes | K8: ETSI GR ENI 035 6.4.2 Process Task Definition -Task: Fault detection | L8: 4 | M8: 3 | N8: 2 | O8: 1 | P8: D | Q8: D | R8: D | S8: D | T8: D | U8: D | V8: D | W8: D
C9: Fault Locating and Root Cause Analysis | D9: 0.15 | E9: How does the system support root cause analysis? Note: 1) Examples of detailed causes of identified faults, including the smallest replaceable unit, software modules, and ports. | F9: The system automatically analyzes root cause based on AI models without manual intervention. | G9: The system provides one or more suspected causes based on Dynamic programable rules (configurable or ML), results may need human confirmation. | H9: The system provides cause analysis based on manually defined rules, manually analyze and confirm the root cause. | I9: Manually analyze root cause based on expertise. | J9: Yes | K9: ETSI GR ENI 035 6.4.2 Process Task Definition -Task: Fault detection | L9: 4 | M9: 3 | N9: 2 | O9: 1 | P9: D | Q9: D | R9: D | S9: D | T9: D | U9: D | V9: D | W9: D
C10: Solution Generation | D10: 0.1 | E10: How does the System support generation of fault recovery solutions? | F10: The System generates the optimal recovery or fault rectification solution based on AI models without the need for Human confirmation | G10: The System generates multiple possible recovery or rectification solutions, but may need human confirmation. | H10: The System generates the optimal recovery or fault rectification solution through predefined rules and needs Human confirmation | I10: The recovery solution needs to be manually generated based on human expertise | J10: Yes | K10: ETSI GR ENI 035 5.3.2 Monitoring and Troubleshooting -Task: Decision-making | P10: D | Q10: D | R10: D | S10: D | T10: D | U10: D | V10: D | W10: D
B11: Decision | C11: Solution Evaluation & Decision Making | D11: 0.15 | E11: How does the System support evaluation & decision of fault recovery solutions? | F11: The System evaluates and determines the optimal recovery or fault rectification solution to be executed based on AI models, without the need for Human confirmation | G11: The System evaluates multiple possible recovery or fault rectification solutions and determines the optimal solution to be executed based on Dynamic programable rules (configurable or ML) , but may need Human confirmation | H11: The System evaluates and selects the best recovery or fault rectification solutions using predefined rules. | I11: The recovery of fault rectification solution is manually evaluated and determined | J11: Yes | K11: ETSI GR ENI 035 6.4.2 Process Task Definition -Task: Evaluation and decision-making | L11: 4 | M11: 3 | N11: 2 | O11: 1 | P11: D | Q11: D | R11: D | S11: D | T11: D | U11: D | V11: D | W11: D
B12: Execution | C12: Solution Implementation | D12: 0.1 | E12: How does the system support automatic solution implementation and on-site intructions? | F12: 1) The system automatically executes the recovery or rectification solution(Automatic repair excludes the faults that on-site handling is necessary, such as power supply failure, board fault, fiber cut). 2) The system support intelligent on-site instruction and efficient information query based on simplified human-system interaction, independent from NOC assistance. | G12: 1)The system executes the recovery solution with human confirmation/instruction. 2)The on-site handling are assisted by tool,but still requires assistance from NOC. | H12: 1) The recovery solution need to be manually implemented. 2) On-site handling is guided by NOC. | J12: Yes | K12: ETSI GR ENI 035 6.4.2 Process Task Definition -Task: Solution implementation and effect verification | L12: 3 | M12: 2 | N12: 1 | P12: C | Q12: C | R12: C | S12: C | T12: C | U12: C | V12: C | W12: C
A17: Effectiveness Indicator | D17: Weight | E17: Description | F17: Option A | G17: Option B | H17: Option C | I17: Option D | J17: Answer | K17: Indicator Value | P17: Comments
A18: Automatic fault diagnosis ratio | D18: 0.4 | E18: Obtain the total tickets in a period more than 1 month, for every kind of sub-scenario, select 2 tickets from the total tickets to verify the accuracy of the diagnosed root cause. Formula = number of tickets with accurate diagnosed root cause/ total number of selected tickets Note: 1) The diagnosed root cause should include the smallest replaceable unit 2) The root cause should be provided both automatically and accurately, the automatic diagnosis result should be consistent with the manually confirmed one. | F18: >= 90% | G18: >=50%, <90% | H18: <50% | J18: B
A19: Automatic fault rectification ratio | D19: 0.2 | E19: For the total tickets in a period more than 1 month, count the number of the faults that are rectified by system automatically as T2, Formula = T2/ (Total ticket number – number of the tickets that need on-site engineering): Note: 1) If the automatic diagnosis and rectification is recorded in ticket system， count T2 as the total number of tickets with the valid field that represent automatic rectification without NOC/FME intervention. 2) Otherwise(automatic rectification is processed by system without triggering ticket dispatching): get T2 from the autonomous system that display the summary/log of the automatic fault rectification. 3) A fault that is rectified within 15min since fault occurrence could be counted for T2. | F19: >=90% | G19: >70%, <90% | H19: <=70% | J19: C
A20: MTTR (Mean time to repair) | D20: 0.4 | E20: For the total tickets in a period more 1 month, calculate the average time between ticket created and closed | F20: <1hour | G20: >1hour, <=4hour | H20: >4hour | J20: C
A22: Note: 1) The proposed values for Effective Indicators above are intended for pilot use. 2) The range defines the unit or scale of measurement, such as minutes or days. The corresponding Indicator Value column captures the exact numerical value of the indicator within that selected range.

Sheet Scoring
A1: High-Value Scenario | B1: Cognitive Activity (IAADE) | C1: Service Capability | D1: Weight | E1: Question | F1: Method 1: Average (Official use)
F2: Criteria | J2: Answer | R2: =J4 -> Hardware Failure (should include but not limit to board failure, fan failure) | U2: =K4 -> Device Offline | X2: =L4 -> Optical Module Failure or Optical Power Abnormal | AA2: =M4 -> Port Failure | AD2: =N4 -> High Error Rate | AG2: =O4 -> Protocol State Abnormal (should include but not limit to IGP and BGP peer state abnormal, BFD session abnormal) | AJ2: =P4 -> VPN Degradation | AM2: =Q4 -> VPN Interruption | AP2: Final Score for Capability
R3: ='IP Network - Fault Management'!P4 -> 0.05 | U3: ='IP Network - Fault Management'!Q4 -> 0.1 | X3: ='IP Network - Fault Management'!R4 -> 0.15 | AA3: ='IP Network - Fault Management'!S4 -> 0.4 | AD3: ='IP Network - Fault Management'!T4 -> 0.05 | AG3: ='IP Network - Fault Management'!U4 -> 0.1 | AJ3: ='IP Network - Fault Management'!V4 -> 0.1 | AM3: ='IP Network - Fault Management'!W4 -> 0.05
F4: Option A | G4: Option B | H4: Option C | I4: Option D | J4: ='IP Network - Fault Management'!P3 -> Hardware Failure (should include but not limit to board failure, fan failure) | K4: ='IP Network - Fault Management'!Q3 -> Device Offline | L4: ='IP Network - Fault Management'!R3 -> Optical Module Failure or Optical Power Abnormal | M4: ='IP Network - Fault Management'!S3 -> Port Failure | N4: ='IP Network - Fault Management'!T3 -> High Error Rate | O4: ='IP Network - Fault Management'!U3 -> Protocol State Abnormal (should include but not limit to IGP and BGP peer state abnormal, BFD session abnormal) | P4: ='IP Network - Fault Management'!V3 -> VPN Degradation | Q4: ='IP Network - Fault Management'!W3 -> VPN Interruption | R4: Original score | S4: Compensated score | T4: Overall Score | U4: Original score | V4: Compensated score | W4: Overall Score | X4: Original score | Y4: Compensated score | Z4: Overall Score | AA4: Original score | AB4: Compensated score | AC4: Overall Score | AD4: Original score | AE4: Compensated score | AF4: Overall Score | AG4: Original score | AH4: Compensated score | AI4: Overall Score | AJ4: Original score | AK4: Compensated score | AL4: Overall Score | AM4: Original score | AN4: Compensated score | AO4: Overall Score
A5: IP Network - Fault Management | B5: Intent | C5: ='IP Network - Fault Management'!C5 -> Intent Translation & Fulfillment | D5: ='IP Network - Fault Management'!D5 -> 0.1 | E5: How does the System translate and process intents & ensure intent fulfilment ? | F5: 4 | G5: 3 | H5: 2 | I5: 1 | J5: ='IP Network - Fault Management'!P5 -> D | K5: ='IP Network - Fault Management'!Q5 -> D | L5: ='IP Network - Fault Management'!R5 -> D | M5: ='IP Network - Fault Management'!S5 -> D | N5: ='IP Network - Fault Management'!T5 -> D | O5: ='IP Network - Fault Management'!U5 -> D | P5: ='IP Network - Fault Management'!V5 -> D | Q5: ='IP Network - Fault Management'!W5 -> D | R5: =IF(J5="A",F5,IF(J5="B",G5,IF(J5="C",H5,IF(J5="D",I5)))) -> 1 | S5: =R5 -> 1 | T5: =SUMPRODUCT(S5:S12,D5:D12) -> 0.9 | U5: =IF(K5="A",F5,IF(K5="B",G5,IF(K5="C",H5,IF(K5="D",I5)))) -> 1 | V5: =U5 -> 1 | W5: =SUMPRODUCT(V5:V12,D5:D12) -> 0.9 | X5: =IF(L5="A",F5,IF(L5="B",G5,IF(L5="C",H5,IF(L5="D",I5)))) -> 1 | Y5: =X5 -> 1 | Z5: =SUMPRODUCT(Y5:Y12,D5:D12) -> 0.9 | AA5: =IF(M5="A",F5,IF(M5="B",G5,IF(M5="C",H5,IF(M5="D",I5)))) -> 1 | AB5: =AA5 -> 1 | AC5: =SUMPRODUCT(AB5:AB12,D5:D12) -> 0.9 | AD5: =IF(N5="A",F5,IF(N5="B",G5,IF(N5="C",H5,IF(N5="D",I5)))) -> 1 | AE5: =AD5 -> 1 | AF5: =SUMPRODUCT(AE5:AE12,D5:D12) -> 0.9 | AG5: =IF(O5="A",F5,IF(O5="B",G5,IF(O5="C",H5,IF(O5="D",I5)))) -> 1 | AH5: =AG5 -> 1 | AI5: =SUMPRODUCT(AH5:AH12,D5:D12) -> 0.9 | AJ5: =IF(P5="A",F5,IF(P5="B",G5,IF(P5="C",H5,IF(P5="D",I5)))) -> 1 | AK5: =AJ5 -> 1 | AL5: =SUMPRODUCT(AK5:AK12,D5:D12) -> 0.9 | AM5: =IF(Q5="A",F5,IF(Q5="B",G5,IF(Q5="C",H5,IF(Q5="D",I5)))) -> 1 | AN5: =AM5 -> 1 | AO5: =SUMPRODUCT(AN5:AN12,D5:D12) -> 0.9 | AP5: =(T5*R3+W5*U3+Z5*X3+AC5*AA3+AF5*AD3+AI5*AG3+AL5*AJ3+AO5*AM3)/(R3+U3+X3+AA3+AD3+AG3+AJ3+AM3) -> 0.9
B6: Awareness | C6: ='IP Network - Fault Management'!C6 -> Data Collection& Alarm filtering | D6: ='IP Network - Fault Management'!D6 -> 0.1 | E6: How does the System support data collection, alarms correlation and fileting? | F6: 3 | G6: 2 | H6: 1 | I6: 0 | J6: ='IP Network - Fault Management'!P6 -> D | K6: ='IP Network - Fault Management'!Q6 -> D | L6: ='IP Network - Fault Management'!R6 -> D | M6: ='IP Network - Fault Management'!S6 -> D | N6: ='IP Network - Fault Management'!T6 -> D | O6: ='IP Network - Fault Management'!U6 -> D | P6: ='IP Network - Fault Management'!V6 -> D | Q6: ='IP Network - Fault Management'!W6 -> D | R6: =IF(J6="A",F6,IF(J6="B",G6,IF(J6="C",H6,IF(J6="D",I6)))) -> 0 | S6: =IF(AND(R6=3,AVERAGE(R5,R7,R8,R9,R10,R11)>3),AVERAGE(R5,R7,R8,R9,R10,R11),R6) -> 0 | U6: =IF(K6="A",F6,IF(K6="B",G6,IF(K6="C",H6,IF(K6="D",I6)))) -> 0 | V6: =IF(AND(U6=3,AVERAGE(U5,U7,U8,U9,U10,U11)>3),AVERAGE(U5,U7,U8,U9,U10,U11),U6) -> 0 | X6: =IF(L6="A",F6,IF(L6="B",G6,IF(L6="C",H6,IF(L6="D",I6)))) -> 0 | Y6: =IF(AND(X6=3,AVERAGE(X5,X7,X8,X9,X10,X11)>3),AVERAGE(X5,X7,X8,X9,X10,X11),X6) -> 0 | AA6: =IF(M6="A",F6,IF(M6="B",G6,IF(M6="C",H6,IF(M6="D",I6)))) -> 0 | AB6: =IF(AND(AA6=3,AVERAGE(AA5,AA7,AA8,AA9,AA10,AA11)>3),AVERAGE(AA5,AA7,AA8,AA9,AA10,AA11),AA6) -> 0 | AD6: =IF(N6="A",F6,IF(N6="B",G6,IF(N6="C",H6,IF(N6="D",I6)))) -> 0 | AE6: =IF(AND(AD6=3,AVERAGE(AD5,AD7,AD8,AD9,AD10,AD11)>3),AVERAGE(AD5,AD7,AD8,AD9,AD10,AD11),AD6) -> 0 | AG6: =IF(O6="A",F6,IF(O6="B",G6,IF(O6="C",H6,IF(O6="D",I6)))) -> 0 | AH6: =IF(AND(AG6=3,AVERAGE(AG5,AG7,AG8,AG9,AG10,AG11)>3),AVERAGE(AG5,AG7,AG8,AG9,AG10,AG11),AG6) -> 0 | AJ6: =IF(P6="A",F6,IF(P6="B",G6,IF(P6="C",H6,IF(P6="D",I6)))) -> 0 | AK6: =IF(AND(AJ6=3,AVERAGE(AJ5,AJ7,AJ8,AJ9,AJ10,AJ11)>3),AVERAGE(AJ5,AJ7,AJ8,AJ9,AJ10,AJ11),AJ6) -> 0 | AM6: =IF(Q6="A",F6,IF(Q6="B",G6,IF(Q6="C",H6,IF(Q6="D",I6)))) -> 0 | AN6: =IF(AND(AM6=3,AVERAGE(AM5,AM7,AM8,AM9,AM10,AM11)>3),AVERAGE(AM5,AM7,AM8,AM9,AM10,AM11),AM6) -> 0
B7: Analysis | C7: ='IP Network - Fault Management'!C7 -> Fault Identification ,Risk identification, impact analysis | D7: ='IP Network - Fault Management'!D7 -> 0.15 | E7: How does the System support fault identification, risk identification and subsequent impact analysis? | F7: 4 | G7: 3 | H7: 2 | I7: 1 | J7: ='IP Network - Fault Management'!P7 -> D | K7: ='IP Network - Fault Management'!Q7 -> D | L7: ='IP Network - Fault Management'!R7 -> D | M7: ='IP Network - Fault Management'!S7 -> D | N7: ='IP Network - Fault Management'!T7 -> D | O7: ='IP Network - Fault Management'!U7 -> D | P7: ='IP Network - Fault Management'!V7 -> D | Q7: ='IP Network - Fault Management'!W7 -> D | R7: =IF(J7="A",F7,IF(J7="B",G7,IF(J7="C",H7,IF(J7="D",I7)))) -> 1 | S7: =R7 -> 1 | U7: =IF(K7="A",F7,IF(K7="B",G7,IF(K7="C",H7,IF(K7="D",I7)))) -> 1 | V7: =U7 -> 1 | X7: =IF(L7="A",F7,IF(L7="B",G7,IF(L7="C",H7,IF(L7="D",I7)))) -> 1 | Y7: =X7 -> 1 | AA7: =IF(M7="A",F7,IF(M7="B",G7,IF(M7="C",H7,IF(M7="D",I7)))) -> 1 | AB7: =AA7 -> 1 | AD7: =IF(N7="A",F7,IF(N7="B",G7,IF(N7="C",H7,IF(N7="D",I7)))) -> 1 | AE7: =AD7 -> 1 | AG7: =IF(O7="A",F7,IF(O7="B",G7,IF(O7="C",H7,IF(O7="D",I7)))) -> 1 | AH7: =AG7 -> 1 | AJ7: =IF(P7="A",F7,IF(P7="B",G7,IF(P7="C",H7,IF(P7="D",I7)))) -> 1 | AK7: =AJ7 -> 1 | AM7: =IF(Q7="A",F7,IF(Q7="B",G7,IF(Q7="C",H7,IF(Q7="D",I7)))) -> 1 | AN7: =AM7 -> 1
C8: ='IP Network - Fault Management'!C8 -> Fault Demarcation | D8: ='IP Network - Fault Management'!D8 -> 0.15 | E8: How does the system support fault demarcation? | F8: 4 | G8: 3 | H8: 2 | I8: 1 | J8: ='IP Network - Fault Management'!P8 -> D | K8: ='IP Network - Fault Management'!Q8 -> D | L8: ='IP Network - Fault Management'!R8 -> D | M8: ='IP Network - Fault Management'!S8 -> D | N8: ='IP Network - Fault Management'!T8 -> D | O8: ='IP Network - Fault Management'!U8 -> D | P8: ='IP Network - Fault Management'!V8 -> D | Q8: ='IP Network - Fault Management'!W8 -> D | R8: =IF(J8="A",F8,IF(J8="B",G8,IF(J8="C",H8,IF(J8="D",I8)))) -> 1 | S8: =R8 -> 1 | U8: =IF(K8="A",F8,IF(K8="B",G8,IF(K8="C",H8,IF(K8="D",I8)))) -> 1 | V8: =U8 -> 1 | X8: =IF(L8="A",F8,IF(L8="B",G8,IF(L8="C",H8,IF(L8="D",I8)))) -> 1 | Y8: =X8 -> 1 | AA8: =IF(M8="A",F8,IF(M8="B",G8,IF(M8="C",H8,IF(M8="D",I8)))) -> 1 | AB8: =AA8 -> 1 | AD8: =IF(N8="A",F8,IF(N8="B",G8,IF(N8="C",H8,IF(N8="D",I8)))) -> 1 | AE8: =AD8 -> 1 | AG8: =IF(O8="A",F8,IF(O8="B",G8,IF(O8="C",H8,IF(O8="D",I8)))) -> 1 | AH8: =AG8 -> 1 | AJ8: =IF(P8="A",F8,IF(P8="B",G8,IF(P8="C",H8,IF(P8="D",I8)))) -> 1 | AK8: =AJ8 -> 1 | AM8: =IF(Q8="A",F8,IF(Q8="B",G8,IF(Q8="C",H8,IF(Q8="D",I8)))) -> 1 | AN8: =AM8 -> 1
C9: ='IP Network - Fault Management'!C9 -> Fault Locating and Root Cause Analysis | D9: ='IP Network - Fault Management'!D9 -> 0.15 | E9: How does the system support root cause analysis? | F9: 4 | G9: 3 | H9: 2 | I9: 1 | J9: ='IP Network - Fault Management'!P9 -> D | K9: ='IP Network - Fault Management'!Q9 -> D | L9: ='IP Network - Fault Management'!R9 -> D | M9: ='IP Network - Fault Management'!S9 -> D | N9: ='IP Network - Fault Management'!T9 -> D | O9: ='IP Network - Fault Management'!U9 -> D | P9: ='IP Network - Fault Management'!V9 -> D | Q9: ='IP Network - Fault Management'!W9 -> D | R9: =IF(J9="A",F9,IF(J9="B",G9,IF(J9="C",H9,IF(J9="D",I9)))) -> 1 | S9: =R9 -> 1 | U9: =IF(K9="A",F9,IF(K9="B",G9,IF(K9="C",H9,IF(K9="D",I9)))) -> 1 | V9: =U9 -> 1 | X9: =IF(L9="A",F9,IF(L9="B",G9,IF(L9="C",H9,IF(L9="D",I9)))) -> 1 | Y9: =X9 -> 1 | AA9: =IF(M9="A",F9,IF(M9="B",G9,IF(M9="C",H9,IF(M9="D",I9)))) -> 1 | AB9: =AA9 -> 1 | AD9: =IF(N9="A",F9,IF(N9="B",G9,IF(N9="C",H9,IF(N9="D",I9)))) -> 1 | AE9: =AD9 -> 1 | AG9: =IF(O9="A",F9,IF(O9="B",G9,IF(O9="C",H9,IF(O9="D",I9)))) -> 1 | AH9: =AG9 -> 1 | AJ9: =IF(P9="A",F9,IF(P9="B",G9,IF(P9="C",H9,IF(P9="D",I9)))) -> 1 | AK9: =AJ9 -> 1 | AM9: =IF(Q9="A",F9,IF(Q9="B",G9,IF(Q9="C",H9,IF(Q9="D",I9)))) -> 1 | AN9: =AM9 -> 1
C10: ='IP Network - Fault Management'!C10 -> Solution Generation | D10: ='IP Network - Fault Management'!D10 -> 0.1 | E10: How does the System support generation of fault recovery solutions? | F10: 4 | G10: 3 | H10: 2 | I10: 1 | J10: ='IP Network - Fault Management'!P10 -> D | K10: ='IP Network - Fault Management'!Q10 -> D | L10: ='IP Network - Fault Management'!R10 -> D | M10: ='IP Network - Fault Management'!S10 -> D | N10: ='IP Network - Fault Management'!T10 -> D | O10: ='IP Network - Fault Management'!U10 -> D | P10: ='IP Network - Fault Management'!V10 -> D | Q10: ='IP Network - Fault Management'!W10 -> D | R10: =IF(J10="A",F10,IF(J10="B",G10,IF(J10="C",H10,IF(J10="D",I10)))) -> 1 | S10: =R10 -> 1 | U10: =IF(K10="A",F10,IF(K10="B",G10,IF(K10="C",H10,IF(K10="D",I10)))) -> 1 | V10: =U10 -> 1 | X10: =IF(L10="A",F10,IF(L10="B",G10,IF(L10="C",H10,IF(L10="D",I10)))) -> 1 | Y10: =X10 -> 1 | AA10: =IF(M10="A",F10,IF(M10="B",G10,IF(M10="C",H10,IF(M10="D",I10)))) -> 1 | AB10: =AA10 -> 1 | AD10: =IF(N10="A",F10,IF(N10="B",G10,IF(N10="C",H10,IF(N10="D",I10)))) -> 1 | AE10: =AD10 -> 1 | AG10: =IF(O10="A",F10,IF(O10="B",G10,IF(O10="C",H10,IF(O10="D",I10)))) -> 1 | AH10: =AG10 -> 1 | AJ10: =IF(P10="A",F10,IF(P10="B",G10,IF(P10="C",H10,IF(P10="D",I10)))) -> 1 | AK10: =AJ10 -> 1 | AM10: =IF(Q10="A",F10,IF(Q10="B",G10,IF(Q10="C",H10,IF(Q10="D",I10)))) -> 1 | AN10: =AM10 -> 1
B11: Decision | C11: ='IP Network - Fault Management'!C11 -> Solution Evaluation & Decision Making | D11: ='IP Network - Fault Management'!D11 -> 0.15 | E11: How does the System support evaluation & decision of fault recovery solutions? Note: 1) Emergency restoration solution may be compute alternative paths based on service SLA requirement. 2) Repair solution may be repair power supply. | F11: 4 | G11: 3 | H11: 2 | I11: 1 | J11: ='IP Network - Fault Management'!P11 -> D | K11: ='IP Network - Fault Management'!Q11 -> D | L11: ='IP Network - Fault Management'!R11 -> D | M11: ='IP Network - Fault Management'!S11 -> D | N11: ='IP Network - Fault Management'!T11 -> D | O11: ='IP Network - Fault Management'!U11 -> D | P11: ='IP Network - Fault Management'!V11 -> D | Q11: ='IP Network - Fault Management'!W11 -> D | R11: =IF(J11="A",F11,IF(J11="B",G11,IF(J11="C",H11,IF(J11="D",I11)))) -> 1 | S11: =R11 -> 1 | U11: =IF(K11="A",F11,IF(K11="B",G11,IF(K11="C",H11,IF(K11="D",I11)))) -> 1 | V11: =U11 -> 1 | X11: =IF(L11="A",F11,IF(L11="B",G11,IF(L11="C",H11,IF(L11="D",I11)))) -> 1 | Y11: =X11 -> 1 | AA11: =IF(M11="A",F11,IF(M11="B",G11,IF(M11="C",H11,IF(M11="D",I11)))) -> 1 | AB11: =AA11 -> 1 | AD11: =IF(N11="A",F11,IF(N11="B",G11,IF(N11="C",H11,IF(N11="D",I11)))) -> 1 | AE11: =AD11 -> 1 | AG11: =IF(O11="A",F11,IF(O11="B",G11,IF(O11="C",H11,IF(O11="D",I11)))) -> 1 | AH11: =AG11 -> 1 | AJ11: =IF(P11="A",F11,IF(P11="B",G11,IF(P11="C",H11,IF(P11="D",I11)))) -> 1 | AK11: =AJ11 -> 1 | AM11: =IF(Q11="A",F11,IF(Q11="B",G11,IF(Q11="C",H11,IF(Q11="D",I11)))) -> 1 | AN11: =AM11 -> 1
B12: Execution | C12: ='IP Network - Fault Management'!C12 -> Solution Implementation | D12: ='IP Network - Fault Management'!D12 -> 0.1 | E12: How does the system support automatic solution implementation and on-site intructions? | F12: 3 | G12: 2 | H12: 1 | J12: ='IP Network - Fault Management'!P12 -> C | K12: ='IP Network - Fault Management'!Q12 -> C | L12: ='IP Network - Fault Management'!R12 -> C | M12: ='IP Network - Fault Management'!S12 -> C | N12: ='IP Network - Fault Management'!T12 -> C | O12: ='IP Network - Fault Management'!U12 -> C | P12: ='IP Network - Fault Management'!V12 -> C | Q12: ='IP Network - Fault Management'!W12 -> C | R12: =IF(J12="A",F12,IF(J12="B",G12,IF(J12="C",H12,IF(J12="D",I12)))) -> 1 | S12: =IF(AND(R12=3,AVERAGE(R5,R7,R8,R9,R10,R11)>3),AVERAGE(R5,R7,R8,R9,R10,R11),R12) -> 1 | U12: =IF(K12="A",F12,IF(K12="B",G12,IF(K12="C",H12,IF(K12="D",I12)))) -> 1 | V12: =IF(AND(U12=3,AVERAGE(U5,U7,U8,U9,U10,U11)>3),AVERAGE(U5,U7,U8,U9,U10,U11),U12) -> 1 | X12: =IF(L12="A",F12,IF(L12="B",G12,IF(L12="C",H12,IF(L12="D",I12)))) -> 1 | Y12: =IF(AND(X12=3,AVERAGE(X5,X7,X8,X9,X10,X11)>3),AVERAGE(X5,X7,X8,X9,X10,X11),X12) -> 1 | AA12: =IF(M12="A",F12,IF(M12="B",G12,IF(M12="C",H12,IF(M12="D",I12)))) -> 1 | AB12: =IF(AND(AA12=3,AVERAGE(AA5,AA7,AA8,AA9,AA10,AA11)>3),AVERAGE(AA5,AA7,AA8,AA9,AA10,AA11),AA12) -> 1 | AD12: =IF(N12="A",F12,IF(N12="B",G12,IF(N12="C",H12,IF(N12="D",I12)))) -> 1 | AE12: =IF(AND(AD12=3,AVERAGE(AD5,AD7,AD8,AD9,AD10,AD11)>3),AVERAGE(AD5,AD7,AD8,AD9,AD10,AD11),AD12) -> 1 | AG12: =IF(O12="A",F12,IF(O12="B",G12,IF(O12="C",H12,IF(O12="D",I12)))) -> 1 | AH12: =IF(AND(AG12=3,AVERAGE(AG5,AG7,AG8,AG9,AG10,AG11)>3),AVERAGE(AG5,AG7,AG8,AG9,AG10,AG11),AG12) -> 1 | AJ12: =IF(P12="A",F12,IF(P12="B",G12,IF(P12="C",H12,IF(P12="D",I12)))) -> 1 | AK12: =IF(AND(AJ12=3,AVERAGE(AJ5,AJ7,AJ8,AJ9,AJ10,AJ11)>3),AVERAGE(AJ5,AJ7,AJ8,AJ9,AJ10,AJ11),AJ12) -> 1 | AM12: =IF(Q12="A",F12,IF(Q12="B",G12,IF(Q12="C",H12,IF(Q12="D",I12)))) -> 1 | AN12: =IF(AND(AM12=3,AVERAGE(AM5,AM7,AM8,AM9,AM10,AM11)>3),AVERAGE(AM5,AM7,AM8,AM9,AM10,AM11),AM12) -> 1
B15: Note: Automatic formula calculation. Do not modify it.
A18: Effective Indicator | D18: Weight | E18: Option A | F18: Option B | G18: Option C | H18: Option D | I18: Answer | J18: Socre | K18: Key Effectiveness Indicator score
A19: Automatic fault diagnosis ratio | D19: 0.4 | E19: 4 | F19: 3 | G19: 2 | I19: ='IP Network - Fault Management'!J18 -> B | J19: =IF(I19 = "A", E19, IF(I19 = "B", F19, IF(I19 = "C", G19))) -> 3 | K19: =SUMPRODUCT(D19:D21, J19:J21) -> 2.4
A20: Automatic fault rectification ratio | D20: 0.2 | E20: 4 | F20: 3 | G20: 2 | I20: ='IP Network - Fault Management'!J19 -> C | J20: =IF(I20 = "A", E20, IF(I20 = "B", F20, IF(I20 = "C", G20))) -> 2
A21: MTTR (Mean time to repair) | D21: 0.4 | E21: 4 | F21: 3 | G21: 2 | I21: ='IP Network - Fault Management'!J20 -> C | J21: =IF(I21 = "A", E21, IF(I21 = "B", F21, IF(I21 = "C", G21))) -> 2
A25: High Value Scenario Capability Score | D25: =AP5 -> 0.9
A30: High Value Scenario Effective Indicator Score | D30: =K19 -> 2.4

Sheet E2E Automation Ratio Checklist
A1: Sub Scenarios Service Capability | C1: Answer
C2: ='IP Network - Fault Management'!P3 -> Hardware Failure (should include but not limit to board failure, fan failure) | D2: ='IP Network - Fault Management'!Q3 -> Device Offline | E2: ='IP Network - Fault Management'!R3 -> Optical Module Failure or Optical Power Abnormal | F2: ='IP Network - Fault Management'!S3 -> Port Failure | G2: ='IP Network - Fault Management'!T3 -> High Error Rate | H2: ='IP Network - Fault Management'!U3 -> Protocol State Abnormal (should include but not limit to IGP and BGP peer state abnormal, BFD session abnormal) | I2: ='IP Network - Fault Management'!V3 -> VPN Degradation | J2: ='IP Network - Fault Management'!W3 -> VPN Interruption
A3: Fault distribution (Total>=90%) | C3: ='IP Network - Fault Management'!P4 -> 0.05 | D3: ='IP Network - Fault Management'!Q4 -> 0.1 | E3: ='IP Network - Fault Management'!R4 -> 0.15 | F3: ='IP Network - Fault Management'!S4 -> 0.4 | G3: ='IP Network - Fault Management'!T4 -> 0.05 | H3: ='IP Network - Fault Management'!U4 -> 0.1 | I3: ='IP Network - Fault Management'!V4 -> 0.1 | J3: ='IP Network - Fault Management'!W4 -> 0.05
A4: Intent*1 | B4: ='IP Network - Fault Management'!C5 -> Intent Translation & Fulfillment | C4: =IF('IP Network - Fault Management'!P5="A", "S","P") -> P | D4: =IF('IP Network - Fault Management'!Q5="A", "S","P") -> P | E4: =IF('IP Network - Fault Management'!R5="A", "S","P") -> P | F4: =IF('IP Network - Fault Management'!S5="A", "S","P") -> P | G4: =IF('IP Network - Fault Management'!T5="A", "S","P") -> P | H4: =IF('IP Network - Fault Management'!U5="A", "S","P") -> P | I4: =IF('IP Network - Fault Management'!V5="A", "S","P") -> P | J4: =IF('IP Network - Fault Management'!W5="A", "S","P") -> P
A5: Awareness | B5: ='IP Network - Fault Management'!C6 -> Data Collection& Alarm filtering | C5: =IF('IP Network - Fault Management'!P6="A", "S","P") -> P | D5: =IF('IP Network - Fault Management'!Q6="A", "S","P") -> P | E5: =IF('IP Network - Fault Management'!R6="A", "S","P") -> P | F5: =IF('IP Network - Fault Management'!S6="A", "S","P") -> P | G5: =IF('IP Network - Fault Management'!T6="A", "S","P") -> P | H5: =IF('IP Network - Fault Management'!U6="A", "S","P") -> P | I5: =IF('IP Network - Fault Management'!V6="A", "S","P") -> P | J5: =IF('IP Network - Fault Management'!W6="A", "S","P") -> P
A6: Analysis | B6: ='IP Network - Fault Management'!C7 -> Fault Identification ,Risk identification, impact analysis | C6: =IF('IP Network - Fault Management'!P7="A", "S","P") -> P | D6: =IF('IP Network - Fault Management'!Q7="A", "S","P") -> P | E6: =IF('IP Network - Fault Management'!R7="A", "S","P") -> P | F6: =IF('IP Network - Fault Management'!S7="A", "S","P") -> P | G6: =IF('IP Network - Fault Management'!T7="A", "S","P") -> P | H6: =IF('IP Network - Fault Management'!U7="A", "S","P") -> P | I6: =IF('IP Network - Fault Management'!V7="A", "S","P") -> P | J6: =IF('IP Network - Fault Management'!W7="A", "S","P") -> P
B7: ='IP Network - Fault Management'!C8 -> Fault Demarcation | C7: =IF('IP Network - Fault Management'!P8="A", "S","P") -> P | D7: =IF('IP Network - Fault Management'!Q8="A", "S","P") -> P | E7: =IF('IP Network - Fault Management'!R8="A", "S","P") -> P | F7: =IF('IP Network - Fault Management'!S8="A", "S","P") -> P | G7: =IF('IP Network - Fault Management'!T8="A", "S","P") -> P | H7: =IF('IP Network - Fault Management'!U8="A", "S","P") -> P | I7: =IF('IP Network - Fault Management'!V8="A", "S","P") -> P | J7: =IF('IP Network - Fault Management'!W8="A", "S","P") -> P
B8: ='IP Network - Fault Management'!C9 -> Fault Locating and Root Cause Analysis | C8: =IF('IP Network - Fault Management'!P9="A", "S","P") -> P | D8: =IF('IP Network - Fault Management'!Q9="A", "S","P") -> P | E8: =IF('IP Network - Fault Management'!R9="A", "S","P") -> P | F8: =IF('IP Network - Fault Management'!S9="A", "S","P") -> P | G8: =IF('IP Network - Fault Management'!T9="A", "S","P") -> P | H8: =IF('IP Network - Fault Management'!U9="A", "S","P") -> P | I8: =IF('IP Network - Fault Management'!V9="A", "S","P") -> P | J8: =IF('IP Network - Fault Management'!W9="A", "S","P") -> P
B9: ='IP Network - Fault Management'!C10 -> Solution Generation | C9: =IF('IP Network - Fault Management'!P10="A", "S","P") -> P | D9: =IF('IP Network - Fault Management'!Q10="A", "S","P") -> P | E9: =IF('IP Network - Fault Management'!R10="A", "S","P") -> P | F9: =IF('IP Network - Fault Management'!S10="A", "S","P") -> P | G9: =IF('IP Network - Fault Management'!T10="A", "S","P") -> P | H9: =IF('IP Network - Fault Management'!U10="A", "S","P") -> P | I9: =IF('IP Network - Fault Management'!V10="A", "S","P") -> P | J9: =IF('IP Network - Fault Management'!W10="A", "S","P") -> P
A10: Decision | B10: ='IP Network - Fault Management'!C11 -> Solution Evaluation & Decision Making | C10: =IF('IP Network - Fault Management'!P11="A", "S","P") -> P | D10: =IF('IP Network - Fault Management'!Q11="A", "S","P") -> P | E10: =IF('IP Network - Fault Management'!R11="A", "S","P") -> P | F10: =IF('IP Network - Fault Management'!S11="A", "S","P") -> P | G10: =IF('IP Network - Fault Management'!T11="A", "S","P") -> P | H10: =IF('IP Network - Fault Management'!U11="A", "S","P") -> P | I10: =IF('IP Network - Fault Management'!V11="A", "S","P") -> P | J10: =IF('IP Network - Fault Management'!W11="A", "S","P") -> P
A11: Execution | B11: Solution Implementation*2 | C11: =IF('IP Network - Fault Management'!P12="A", "S","P") -> P | D11: =IF('IP Network - Fault Management'!Q12="A", "S","P") -> P | E11: =IF('IP Network - Fault Management'!R12="A", "S","P") -> P | F11: =IF('IP Network - Fault Management'!S12="A", "S","P") -> P | G11: =IF('IP Network - Fault Management'!T12="A", "S","P") -> P | H11: =IF('IP Network - Fault Management'!U12="A", "S","P") -> P | I11: =IF('IP Network - Fault Management'!V12="A", "S","P") -> P | J11: =IF('IP Network - Fault Management'!W12="A", "S","P") -> P
A12: whether end-to-end automation is achieved | C12: =IF(COUNTIF(C5:C11, "")>0, "N",IF(COUNTIF(C5:C11, "P")=0,"Y","N")) -> N | D12: =IF(COUNTIF(D5:D11, "")>0, "N",IF(COUNTIF(D5:D11, "P")=0,"Y","N")) -> N | E12: =IF(COUNTIF(E5:E11, "")>0, "N",IF(COUNTIF(E5:E11, "P")=0,"Y","N")) -> N | F12: =IF(COUNTIF(F5:F11, "")>0, "N",IF(COUNTIF(F5:F11, "P")=0,"Y","N")) -> N | G12: =IF(COUNTIF(G5:G11, "")>0, "N",IF(COUNTIF(G5:G11, "P")=0,"Y","N")) -> N | H12: =IF(COUNTIF(H5:H11, "")>0, "N",IF(COUNTIF(H5:H11, "P")=0,"Y","N")) -> N | I12: =IF(COUNTIF(I5:I11, "")>0, "N",IF(COUNTIF(I5:I11, "P")=0,"Y","N")) -> N | J12: =IF(COUNTIF(J5:J11, "")>0, "N",IF(COUNTIF(J5:J11, "P")=0,"Y","N")) -> N
A13: End-to-End Automation Rate=Sum of the Proportions of End-to-End Automated Sub-scenarios in the Live Network | J13: =SUMIFS(C3:J3, C12:J12, "Y") -> 0
A15: P: People | B15: S: System | C15: NA: Not Applicable
A16: *1: According to the AN Level Definition, at the AN L4 Stage, End-to-End Automation is Achieved for Selected Scenarios in Awareness, Analysis, Decision-Making, and Execution.
A17: *2: For solution implementation capability:
A18: S: Automated Handling by system
A19: 1. Automated remote implementation: Solutions can be automated implemented remotely through automated systems.
A20: 2. On-site implementation with precision: For cases requiring on-site intervention, the work order includes accurate(>90% ) root cause analysis, solution recommendations, or step-by-step operational guidance to ensure successful implementation in a single visit.
A21: 3. High-risk network operations review: High-risk implementation instructions require manual review before execution.
A22: P: Manual Handling by O&M Personnel
A23: 1. Manual remote implementation: Can be handled remotely, but not through automated systems; it requires manual intervention (not automated)
A24: 2. On-site implementation without precision: For cases requiring on-site intervention, the work order lacks accurate root cause analysis, solution recommendations, or requires multiple visits to complete the implementation.

Sheet Administrative Appendix
A7: Administrative Appendix
A8: Document History
A10: Version History
A11: Version Number | B11: Date Modified | C11: Modified by: | D11: Description of Change
A12: GB1059D 1.0.0 | B12: 45667 | C12: Alan Pope | D12: Final edits prior to publication
A13: GB1059D 1.1.0 | B13: 45791 | C13: Alan Pope | D13: Updated to include Subscenarios
A14: GB1523E 1.2.0 | B14: 45982 | C14: Alan Pope | D14: Final edits prior to publication
A15: GB1523E 2.0.0 | B15: 46106 | C15: Amaia White | D15: Final edits prior to publication
A16: 2.0.0 | B16: 23-Apr-2026 | C16: Amaia White | D16: Final edits prior to publication
A17: 2.0.2 | B17: 46233 | C17: Jin Mingshuang | D17: Updates to calculations to raise the weight of the sub-scenario “device offline” (from 5% to 10%)
A19: Release History
A20: Release Status | B20: Date Modified | C20: Modified by: | D20: Description of Change
A21: Pre-production | B21: 45667 | C21: Alan Pope | D21: Initial Release as GB1059D
A22: Pre-production | B22: 45705 | C22: Adrienne Walcott | D22: Updated GB1059D to Member Evaluated status
A23: Pre-production | B23: 45791 | C23: Alan Pope | D23: Updated GB1059D to v1.1.0
A24: Pre-production | B24: 45831 | C24: Adrienne Walcott | D24: Updated GB1059D to Member Evaluated status
A25: Pre-production | B25: 45982 | C25: Alan Pope | D25: Updated to GB1523E v1.2.0
A26: Production | B26: 46038 | C26: Adrienne Walcott | D26: Updated to reflect TM Forum Approved status
A27: Pre-production | B27: 46108 | C27: Amaia White | D27: Updated to GB1523E v2.0.0
A28: Production | B28: 46164 | C28: Adrienne Walcott | D28: Updated to reflect TM Forum Approved status
A29: Pre-production | B29: 23-Apr-2026 | C29: Amaia White | D29: Updated to GB1523E v2.0.1
A30: Production | B30: 46227 | C30: Adrienne Walcott | D30: Updated to reflect TM Forum Approved status
A31: Pre-production | B31: 46233 | C31: Sannah Sibaya | D31: Release v2.0.2
A32: Production | B32: 46290 | C32: Adrienne Walcott | D32: Updated to reflect TM Forum Approved status
A33: ©TM Forum 2026. All Rights Reserved.

Sheet Acknowledgements
A6: This document was prepared by the members of the Autonomous Networks project team.
A8: Member | B8: Company | C8: Role*
A9: Kevin McDonnell | B9: Huawei | C9: Project Chair
A10: Pedro Garcia Parra | B10: Telefónica | C10: Project Co-Chair
A11: Fernando Camacho | B11: Huawei | C11: Project Co-Chair
A12: Zhiruo Liu | B12: CAICT | C12: Author
A13: Junfeng Ma | B13: CAICT | C13: Author
A14: Shiqi Zhang | B14: CAICT | C14: Author
A15: Qian Bing | B15: China Telecom | C15: Key Contributor
A16: Sai Han | B16: China Unicom | C16: Key Contributor
A17: Min He | B17: SelfX Now Technologies | C17: Key Contributor
A18: Mingshuang Jin | B18: Huawei | C18: Key Contributor,Editor
A19: Guangying Zheng | B19: Huawei | C19: Key Contributor
... A44: Nicolas Tellechea | B44: Telecom Argentina | C44: Key Contributor
A45: *Select from: Project Chair, Project Co-Chair, Author, Editor, Key Contributor,
A46: Additional Input, Reviewer
A48: ©TM Forum 2026. All Rights Reserved.
