Workbook

Sheet Document Title
B2: TM Forum Best Practice
B4: Home Broadband Service Assurance Questionnaire
B6: This document provides details of the TM Forum Autonomous Networks Questionaires in Excel format.
B22: GB1503B
B24: Maturity Level: Beta | C24: Team Approved Date: 25-Mar-2026
B25: Release Status: Pre-production | C25: Approval Status: Member Evaluated
B26: Version: 2.0.0 | C26: IPR Mode: RAND
B29: ©TM Forum 2026. All Rights Reserved.

Sheet Legal Notice
A6: Notice
A7: Copyright © TM Forum 2026 All Rights Reserved.
A9: This document and translations of it may be copied and furnished to others, and derivative works that comment on or otherwise explain it or assist in its implementation may be prepared, copied, published, and distributed, in whole or in part, without restriction of any kind, provided that the above copyright notice and this section are included on all such copies and derivative works. However, this document itself may not be modified in any way, including by removing the copyright notice or references to TM FORUM, except as needed for the purpose of developing any document or deliverable produced by a TM FORUM Collaboration Project Team (in which case the rules applicable to copyrights, as set forth in the TM FORUM IPR Policy must be followed) or as required to translate it into languages other than English.
A10: The limited permissions granted above are perpetual and will not be revoked by TM FORUM or its successors or assigns.
A12: This document and the information contained herein is provided on an "AS IS" basis and TM FORUM DISCLAIMS ALL WARRANTIES, EXPRESS OR IMPLIED, INCLUDING BUT NOT LIMITED TO ANY WARRANTY THAT THE USE OF THE INFORMATION HEREIN WILL NOT INFRINGE ANY OWNERSHIP RIGHTS OR ANY IMPLIED WARRANTIES OF MERCHANTABILITY OR FITNESS FOR A PARTICULAR PURPOSE.
A14: Direct inquiries to the TM Forum office:
A15: 100 Enterprise Drive Suite 304, #1649 Rockaway, NJ 07866 USA Tel No. +1 862 227 1648 TM Forum Web Page: www.tmforum.org
A23: ©TM Forum 2026. All Rights Reserved.

Sheet Guideline
B2: I. Introduction
B3: The scope of this questionnaire is to assess Home bBroadband Service Assurance scenarios
B4: The assessment is capability-based and intended to be vendor-independent and where possible technology independent
B5: The questionnaire is based on the principles described in IG1252, GB1059, IG1277, TMF Metamodel (Archimate), TR284D, TMF442, Broadband Forum Cloud Central Office (CloudCo), And MEF LSO.
B6: We recommend you have the participation of relevant SMEs to complete the assessment (Engineers from service assurance as well as automation experts)
B7: Each question is answered by selecting one of four options, A-D, option A being the highest level of autonomy and option D being the lowest
B8: More detailed guidelines per question are provided in the guideline section below
C10: II. Guideline for Answering ANL questionnaire - Version 0.1.0
B11: Cognitive Activity (IAADE) | C11: Service Capability | D11: Question | E11: Answering Guideline
B12: Intent
B13: Awareness
B15: Analysis
B18: Decision
B19: Execution

Sheet HBB Servie Assurance
A1: High-Value Scenario | B1: Cognitive Activity (IAADE) | C1: Service Capability | D1: Weight | E1: Question | F1: Option A | G1: Option B | H1: Option C | I1: Option D | J1: Option A | K1: Option B | L1: Option C | M1: Option D | N1: Answer | Q1: Interpretating on question | R1: Understanding of selecting the option
N2: Stuttering/lag (35%) | O2: Slowness (35%) | P2: Disconnection (30%)
N3: Specific scenarios: gaming, video conferening, voice calls, live streaming etc.. | O3: Specific scenarios: downloading, web browsing, video buffering etc.. | P3: Specific scenarios: web pages fail to load, video/audio/game fail to connect, Wi-Fi signals fail to access etc..
A4: Home Broadband Service Assurance | B4: Intent | C4: Service Assurance Policy & Intent Alignment | D4: 0.1 | E4: Can the service assurance system incorporate high-level service quality, the requirements of users (premium users, general users etc.) or reliability intents (business objectives) into its operations and decision-making for residential broadband services?_x000B_ | F4: Intent expresses desired experiences or business outcomes such as “ensure excellent video experience for premium users” or “maintain customer satisfaction during congestion.” These intents describe what success looks like from a customer or business perspective and are interpreted directly by the assurance system as goals to fulfill. They remain valid across domains, allowing the system to continuously evaluate fulfillment and adjust subordinate intents accordingly. | G4: Intent expresses dynamic service-quality goals and operational preferences, such as “maintain latency under premium thresholds during peak hours” or “prioritize reliability for enterprise users.” These intents are formalized as programmable policies that can evolve through context or analytical learning. They define what service behaviors should be maintained within a domain, providing a bridge between declarative goals and measurable performance targets. | H4: Intent expresses explicit measurable service-quality parameters. These intents are represented through structured service templates that map customer-facing definitions to resource-level configurations within a service-catalog context (e.g., CFS/RFS relationships). The structure ensures consistency and traceability but remains static—updates require manual revision rather than adaptive learning. | I4: Intent exists implicitly through operator selections or assisted GUI tools, such as choosing Gold/Silver/Bronze service tiers or enabling predefined QoS options. The assurance system supports operators in expressing expectations manually, providing visualization or input aids, but does not interpret goals or relationships between service outcomes and network behavior. | J4: 4 | K4: 3 | L4: 2 | M4: 1 | N4: A | O4: A | P4: A
B5: Awareness | C5: Proactive Performance Monitoring | D5: 0.15 | E5: Does the service assurance system proactively monitor broadband performance (e.g. throughput and latency). | F5: The system continuously tracks service performance indicators (throughput, latency, jitter etc.) using dynamic programmable policies in real time. | G5: Key performance metrics are collected in near-real time and threshold alarms are in place (e.g. alert on speed dropping below a limit using static rules). | H5: Performance is monitored infrequently; many service quality issues (like slow speeds or high latency) may go unnoticed until customers complain or manual tests are conducted. | I5: There is no active performance monitoring – service quality problems are only addressed when reported by users, rather than detected by the system._x000B_ | J5: 3 | K5: 2 | L5: 1 | M5: 0 | N5: A | O5: A | P5: B
B6: Analysis | C6: Real-Time Service Degradation & Outage Detection | D6: 0.15 | E6: Can the service assurance system automatically detect when a broadband service is down or degraded in real time, without relying on the customer to report it?_x000B_ | F6: Continuous monitoring flags any service outage or degradation via AI model, triggering automated alarms/tickets (often before the customer is even aware of the problem). | G6: Monitoring flags any service outage or degradation via dynamic programmable policies, triggering automated alarms/tickets (often before the customer is even aware of the problem). | H6: Performance is monitored infrequently; many service quality issues (like slow speeds or high latency) may go unnoticed until customers complain or manual tests are conducted. | I6: There is no active performance monitoring – service quality problems are only addressed when reported by users, rather than detected by the system. | J6: 4 | K6: 3 | L6: 2 | M6: 1 | N6: A | O6: A | P6: A
C7: Synthetic Experience Score | D7: 0.15 | E7: Can the system automatically correlate, process multi-dimensional data such as equipment, network, and service performance, and calculate a unified, quantifiable score that reflects the actual customer experience based on a comprehensive experience evaluation AI Model and algorithm? | F7: The system automatically correlates and processes multi-dimensional data such as equipment, network, and service performance. Based on a comprehensive experience evaluation AI model, it calculates a unified, quantifiable score that reflects the objective customer experience. | G7: The system correlates and processes multi-dimensional data such as equipment and network. Based on a comprehensive experience evaluation dynamic programable policies, it calculates a unified, quantifiable score that reflects the objective customer experience, | H7: The system analyzes the impact of performance degradation, based on predefined rules. | I7: Performance data are manually analyzed with the assistance of auxiliary tools / scripts to determine the impact. | J7: 4 | K7: 3 | L7: 2 | M7: 1 | N7: A | O7: A | P7: A
C8: Service Correlation & Root Cause Identification | D8: 0.15 | E8: Can the service assurance system demarcate, locate service issues across multiple customers and layers or experience scores to pinpoint the root cause or a common source of a broadband service disruption? | F8: The system automatically correlates alarms and performance data across customers and network layers, isolating the root cause of service issues for individual customers (e.g. pinpointing a specific network segment or equipment failure affecting single or multiple users) in real time. | G8: The system automatically correlates alarms and performance data across customers and network layers, isolating the root cause of service issues for multiple customers (e.g. pinpointing a specific network segment or equipment failure affecting users) in real time. | H8: The system provides basic grouping of related service alarms (e.g. by geographic area or network node) via static rules, offering hints of a common cause, but determining the true root cause still requires significant manual analysis by experts._x000B_ | I8: Some correlation is done manually – operations staff must pull data from various sources and manually recognize patterns to identify if separate service issues share a cause or location. | J8: 4 | K8: 3 | L8: 2 | M8: 1 | N8: A | O8: A | P8: A
B9: Decision | C9: Impact-Based Incident Prioritization | D9: 0.1 | E9: Does the service assurance system automatically assess and prioritize broadband service incidents based on customer impact (such as number of users affected, customer segment/VIP status, or severity of service degradation) | F9: Incidents are auto-ranked by real-time customer impact (e.g. number of subscribers or VIP customers affected and any service level commitments), ensuring the most critical issues receive top priority for resolution. | G9: The system classifies incidents by severity or type, but prioritization of response is largely manual – operations staff must decide which issues to address first using the provided classifications. | H9: Incidents are generally handled on a first-come, first-served basis or by simple criteria; there is no systematic impact-based ranking, aside from ad-hoc judgments by field teams or support staff._x000B_ | I9: No prioritization mechanism exists – service issues are addressed in the order they are reported or detected, without regard to the number or importance of customers affected. | J9: 4 | K9: 3 | L9: 2 | M9: 1 | N9: A | O9: A | P9: A
B10: Execution | C10: Automated Service Restoration | D10: 0.2 | E10: Does the system autonomously execute end-to-end service solutions (such as remediation, ticketing, notifications) based on determined decisions and priorities, without requiring manual intervention? | F10: The system automatically executes the entire incident response process at the service level based on generated decision logic. This includes remediation, service ticket updates, alerts, and validations with no manual initiation required. | G10: The system supports semi-automated execution at the service level through scripts or auxiliary tools. | H10: The system does not support any form of automated execution. All execution tasks are performed manually by operations teams, based on incident data and decisions. | J10: 2 | K10: 1 | L10: 0 | M10: 0 | N10: A | O10: A | P10: A
A12: Note: 1) The questionnaire is intended for pilot use and will serve as input for future standardization efforts. 2) It is subject to change as the pilot progresses.
A14: Value Indicator | D14: Weight | E14: Description | F14: Option A | G14: Option B | H14: Option C | I14: OptionD | J14: Source of the standard | L14: Answers
A15: Mean Time to Recovery (MTTR) | D15: 0.5 | E15: What is the average time from service degradation detection to full service restoration? Calculation: MTTR = Total downtime across incidents / Total number of incidents. Information for calculation: CSP provides incident records over one month with timestamps for detection and restoration. | F15: <2 hours | G15: 2-8 hours | H15: 8-24 hours | I15: >24 hours or not measured | J15: IG1256 6.2.2 | L15: A
A16: End-to-End Automation Ratio | D16: 0.5 | E16: What is the proportion of tickets that the system can automatically resolved? Calculation formula: End-to-End Automatiion Ratio = (The Sum of issue resolved automatically following IAADE × number of service capability achieved option A) ÷ (Total number of issues×Total number of service capability)× 100% Note: Some issus may only fulfill the option A of IAADE. For example, an issue only can fulfill intent and proactive Performance Monitoring but cannot do root cause identification, so this issue partly fulfill IAADE option A. Information for Calculation: Reference the issue list mentioned in GB 1503B. | F16: >=80% | G16: 50-80% | H16: <50% | I16: Not measured | J16: IG1256 7.2 | L16: B

Sheet Scoring
A1: High-Value Scenario | B1: Cognitive Activity (IAADE) | C1: Service Capability | D1: Weight | E1: Question | F1: Method 1: Average (official use)
F2: Criteria | J2: Answer | M2: Stuttering/lag | P2: Slowness | S2: Disconnection | V2: Final Score
M3: 0.35 | P3: 0.35 | S3: 0.3
F4: Option A | G4: Option B | H4: Option C | I4: Option D | J4: stuttering/lag (35%) | K4: slowness (35%) | L4: Disconnection (30%) | M4: Original score | N4: Compensated score | O4: Overall Score | P4: Original score | Q4: Compensated score | R4: Overall Score | S4: Original score | T4: Compensated score | U4: Overall Score
A5: Home Broadband Service Assurance | B5: Intent | C5: Service Assurance Policy & Intent Alignment | D5: 0.1 | E5: Can the service assurance system incorporate high-level service quality, the requirements of users (premium users, general users etc.) or reliability intents (business objectives) into its operations and decision-making for residential broadband services?_x000B_ | F5: 4 | G5: 3 | H5: 2 | I5: 1 | J5: ='HBB Servie Assurance'!N4 -> A | K5: ='HBB Servie Assurance'!O4 -> A | L5: ='HBB Servie Assurance'!P4 -> A | M5: =IF(J5="A",F5,IF(J5="B",G5, IF(J5="C",H5, IF(J5="D",I5)))) -> 4 | N5: =M5 -> 4 | O5: =SUMPRODUCT(N5:N11,D5:D11) -> 4 | P5: =IF(K5="A",F5,IF(K5="B",G5, IF(K5="C",H5, IF(K5="D",I5)))) -> 4 | Q5: =P5 -> 4 | R5: =SUMPRODUCT(Q5:Q11,D5:D11) -> 4 | S5: =IF(L5="A",F5,IF(L5="B",G5, IF(L5="C",H5, IF(L5="D",I5)))) -> 4 | T5: =S5 -> 4 | U5: =SUMPRODUCT(T5:T11,D5:D11) -> 3.7 | V5: =(O5*M3+R5*P3+U5*S3)/(M3+P3+S3) -> 3.91
B6: Awareness | C6: Proactive Performance Monitoring | D6: 0.15 | E6: Does the service assurance system proactively monitor broadband performance (e.g. throughput and latency)? | F6: 3 | G6: 2 | H6: 1 | I6: 0 | J6: ='HBB Servie Assurance'!N5 -> A | K6: ='HBB Servie Assurance'!O5 -> A | L6: ='HBB Servie Assurance'!P5 -> B | M6: =IF(J6="A",F6,IF(J6="B",G6, IF(J6="C",H6, IF(J6="D",I6)))) -> 3 | N6: =IF(AND(M6=3,AVERAGE(M$5,M$7,M$8,M$9,M$10)>3),AVERAGE(M$5,M$7,M$8,M$9,M$10),M6) -> 4 | P6: =IF(K6="A",F6,IF(K6="B",G6, IF(K6="C",H6, IF(K6="D",I6)))) -> 3 | Q6: =IF(AND(P6=3,AVERAGE(P$5,P$7,P$8,P$9,P$10)>3),AVERAGE(P$5,P$7,P$8,P$9,P$10),P6) -> 4 | S6: =IF(L6="A",F6,IF(L6="B",G6, IF(L6="C",H6, IF(L6="D",I6)))) -> 2 | T6: =IF(AND(S6=3,AVERAGE(S$5,S$7,S$8,S$9,S$10)>3),AVERAGE(S$5,S$7,S$8,S$9,S$10),S6) -> 2
B7: Analysis | C7: Real-Time Service Outage Detection | D7: 0.15 | E7: Can the service assurance system automatically detect when a broadband service is down or degraded in real time, without relying on the customer to report it?_x000B_ | F7: 4 | G7: 3 | H7: 2 | I7: 1 | J7: ='HBB Servie Assurance'!N6 -> A | K7: ='HBB Servie Assurance'!O6 -> A | L7: ='HBB Servie Assurance'!P6 -> A | M7: =IF(J7="A",F7,IF(J7="B",G7, IF(J7="C",H7, IF(J7="D",I7)))) -> 4 | N7: =M7 -> 4 | P7: =IF(K7="A",F7,IF(K7="B",G7, IF(K7="C",H7, IF(K7="D",I7)))) -> 4 | Q7: =P7 -> 4 | S7: =IF(L7="A",F7,IF(L7="B",G7, IF(L7="C",H7, IF(L7="D",I7)))) -> 4 | T7: =S7 -> 4
C8: Synthetic Experience Score | D8: 0.15 | E8: Can the system automatically correlate, process multi-dimensional data such as equipment, network, and service performance, and calculate a unified, quantifiable score that reflects the objective customer experience based on a comprehensive experience evaluation AI Model and algorithm? | F8: 4 | G8: 3 | H8: 2 | I8: 1 | J8: ='HBB Servie Assurance'!N7 -> A | K8: ='HBB Servie Assurance'!O7 -> A | L8: ='HBB Servie Assurance'!P7 -> A | M8: =IF(J8="A",F8,IF(J8="B",G8, IF(J8="C",H8, IF(J8="D",I8)))) -> 4 | N8: =M8 -> 4 | P8: =IF(K8="A",F8,IF(K8="B",G8, IF(K8="C",H8, IF(K8="D",I8)))) -> 4 | Q8: =P8 -> 4 | S8: =IF(L8="A",F8,IF(L8="B",G8, IF(L8="C",H8, IF(L8="D",I8)))) -> 4 | T8: =S8 -> 4
C9: Service Correlation & Root Cause Identification | D9: 0.15 | E9: Can the service assurance system demarcate, locate service issues across multiple customers and layers or experience scores to pinpoint the root cause or a common source of a broadband service disruption? | F9: 4 | G9: 3 | H9: 2 | I9: 1 | J9: ='HBB Servie Assurance'!N8 -> A | K9: ='HBB Servie Assurance'!O8 -> A | L9: ='HBB Servie Assurance'!P8 -> A | M9: =IF(J9="A",F9,IF(J9="B",G9, IF(J9="C",H9, IF(J9="D",I9)))) -> 4 | N9: =M9 -> 4 | P9: =IF(K9="A",F9,IF(K9="B",G9, IF(K9="C",H9, IF(K9="D",I9)))) -> 4 | Q9: =P9 -> 4 | S9: =IF(L9="A",F9,IF(L9="B",G9, IF(L9="C",H9, IF(L9="D",I9)))) -> 4 | T9: =S9 -> 4
B10: Decision | C10: Impact-Based Incident Prioritization | D10: 0.1 | E10: Does the service assurance system automatically assess and prioritize broadband service incidents based on customer impact (such as number of users affected, customer segment/VIP status, or severity of service degradation) | F10: 4 | G10: 3 | H10: 2 | I10: 1 | J10: ='HBB Servie Assurance'!N9 -> A | K10: ='HBB Servie Assurance'!O9 -> A | L10: ='HBB Servie Assurance'!P9 -> A | M10: =IF(J10="A",F10,IF(J10="B",G10, IF(J10="C",H10, IF(J10="D",I10)))) -> 4 | N10: =M10 -> 4 | P10: =IF(K10="A",F10,IF(K10="B",G10, IF(K10="C",H10, IF(K10="D",I10)))) -> 4 | Q10: =P10 -> 4 | S10: =IF(L10="A",F10,IF(L10="B",G10, IF(L10="C",H10, IF(L10="D",I10)))) -> 4 | T10: =S10 -> 4
B11: Execution | C11: Automated Service Restoration | D11: 0.2 | E11: Does the system autonomously execute end-to-end service solutions (such as remediation, ticketing, notifications) based on determined decisions and priorities, without requiring manual intervention? | F11: 2 | G11: 1 | H11: 0 | I11: 0 | J11: ='HBB Servie Assurance'!N10 -> A | K11: ='HBB Servie Assurance'!O10 -> A | L11: ='HBB Servie Assurance'!P10 -> A | M11: =IF(J11="A",F11,IF(J11="B",G11, IF(J11="C",H11, IF(J11="D",I11)))) -> 2 | N11: =IF(AND(M11=2,AVERAGE(M5,M7,M8,M9,M10)>2),AVERAGE(M5,M7,M8,M9,M10),M11) -> 4 | P11: =IF(K11="A",F11,IF(K11="B",G11, IF(K11="C",H11, IF(K11="D",I11)))) -> 2 | Q11: =IF(AND(P11=2,AVERAGE(P5,P7,P8,P9,P10)>2),AVERAGE(P5,P7,P8,P9,P10),P11) -> 4 | S11: =IF(L11="A",F11,IF(L11="B",G11, IF(L11="C",H11, IF(L11="D",I11)))) -> 2 | T11: =IF(AND(S11=2,AVERAGE(S5,S7,S8,S9,S10)>2),AVERAGE(S5,S7,S8,S9,S10),S11) -> 4

Sheet E2E Automation Ratio Checklist
A1: Sub Scenarios Service Capability | C1: Answer
C2: Stuttering/lag | D2: Slowness | E2: Disconnection
A3: Fault distribution (Total>=90%) | C3: 0.35 | D3: 0.35 | E3: 0.3
A4: Intent*1 | B4: Service Assurance Policy & Intent Alignment | C4: =IF('HBB Servie Assurance'!N4="A", "S","P") -> S | D4: =IF('HBB Servie Assurance'!O4="A", "S","P") -> S | E4: =IF('HBB Servie Assurance'!P4="A", "S","P") -> S
A5: Awareness | B5: Proactive Performance Monitoring & Anomaly Detection | C5: =IF('HBB Servie Assurance'!N5="A", "S","P") -> S | D5: =IF('HBB Servie Assurance'!O5="A", "S","P") -> S | E5: =IF('HBB Servie Assurance'!P5="A", "S","P") -> P
A6: Analysis | B6: Real-Time Service Outage Detection | C6: =IF('HBB Servie Assurance'!N6="A", "S","P") -> S | D6: =IF('HBB Servie Assurance'!O6="A", "S","P") -> S | E6: =IF('HBB Servie Assurance'!P6="A", "S","P") -> S
B7: Synthetic Experience Score | C7: =IF('HBB Servie Assurance'!N7="A", "S","P") -> S | D7: =IF('HBB Servie Assurance'!O7="A", "S","P") -> S | E7: =IF('HBB Servie Assurance'!P7="A", "S","P") -> S
B8: Service Impact, Correlation & Root Cause Identification | C8: =IF('HBB Servie Assurance'!N8="A", "S","P") -> S | D8: =IF('HBB Servie Assurance'!O8="A", "S","P") -> S | E8: =IF('HBB Servie Assurance'!P8="A", "S","P") -> S
A9: Decision | B9: Impact-Based Incident Prioritization | C9: =IF('HBB Servie Assurance'!N9="A", "S","P") -> S | D9: =IF('HBB Servie Assurance'!O9="A", "S","P") -> S | E9: =IF('HBB Servie Assurance'!P9="A", "S","P") -> S
A10: Execution | B10: Automated Service Restoration | C10: =IF('HBB Servie Assurance'!N10="A", "S","P") -> S | D10: =IF('HBB Servie Assurance'!O10="A", "S","P") -> S | E10: =IF('HBB Servie Assurance'!P10="A", "S","P") -> S
A11: whether end-to-end automation is achieved | C11: =IF(COUNTIF(C5:C10, "")>0, "N",IF(COUNTIF(C5:C10, "P")=0,"Y","N")) -> Y | D11: =IF(COUNTIF(D5:D10, "")>0, "N",IF(COUNTIF(D5:D10, "P")=0,"Y","N")) -> Y | E11: =IF(COUNTIF(E5:E10, "")>0, "N",IF(COUNTIF(E5:E10, "P")=0,"Y","N")) -> N
A12: End-to-End Automation Rate=Sum of the Proportions of End-to-End Automated Sub-scenarios in the Live Network | E12: =SUMIFS(C3:E3, C11:E11, "Y") -> 0.7
A14: P: People | B14: S: System
A15: *1: According to the AN Level Definition, at the AN L4 Stage, End-to-End Automation is Achieved for Selected Scenarios in Awareness, Analysis, Decision-Making, and Execution.

Sheet Acknowledgements
D5: Member | E5: Company | F5: Role*
D6: Kevin McDonnell | E6: Huawei | F6: Project Chair
D7: Pedro Garcia Parra | E7: Telefónica | F7: Project Co-Chair
D8: Fernando Camacho | E8: Huawei | F8: Project Co-Chair
D9: Luqman Shantal | E9: Makman Technology Consulting | F9: Author
D10: Jingyi Zhang | E10: Huawei | F10: Co-Author
D11: Menno Groen | E11: KPN | F11: Key Contributor
D12: Yunhe Wu | E12: Huawei | F12: Key Contributor
D13: Seungbin Jeon | E13: LGU+ | F13: Key Contributor
D14: Yoonji Lee | E14: LGU+ | F14: Key Contributor
D15: Minjong Kim | E15: LGU+ | F15: Key Contributor
D17: *Selected from: Project Chair, Project Co-Chair, Author, Editor, Key Contributor, Additional Input, Reviewer
