Workbook

Sheet Document Title
A7: TM Forum Best Practice
A8: Individual Service Fault Management Questionnaire
A23: GB1505A
A25: Maturity Level: Beta | B25: Team Approved Date: 27-March-2026
A26: Release Status: Pre-production | B26: Approval Status: TM Forum Approved
A27: Version 2.0.0 | B27: IPR Mode: RAND
A29: ©TM Forum 2026. All Rights Reserved.

Sheet Notice
A7: Notice
A8: Copyright © TM Forum 2026. All Rights Reserved.
A10: This document and translations of it may be copied and furnished to others, and derivative works that comment on or otherwise explain it or assist in its implementation may be prepared, copied, published, and distributed, in whole or in part, without restriction of any kind, provided that the above copyright notice and this section are included on all such copies and derivative works. However, this document itself may not be modified in any way, including by removing the copyright notice or references to TM FORUM, except as needed for the purpose of developing any document or deliverable produced by a TM FORUM Collaboration Project Team (in which case the rules applicable to copyrights, as set forth in the TM FORUM IPR Policy, must be followed) or as required to translate it into languages other than English.
A12: The limited permissions granted above are perpetual and will not be revoked by TM FORUM or its successors or assigns.
A14: This document and the information contained herein is provided on an "AS IS" basis and TM FORUM DISCLAIMS ALL WARRANTIES, EXPRESS OR IMPLIED, INCLUDING BUT NOT LIMITED TO ANY WARRANTY THAT THE USE OF THE INFORMATION HEREIN WILL NOT INFRINGE ANY OWNERSHIP RIGHTS OR ANY IMPLIED WARRANTIES OF MERCHANTABILITY OR FITNESS FOR A PARTICULAR PURPOSE.
A16: Direct inquiries to the TM Forum office:
A18: 100 Enterprise Drive
A19: Suite 301 #1649
A20: Rockaway, NJ 07866 USA
A21: Tel No. +1 862 227 1648
A22: TM Forum Web Page: www.tmforum.org
A24: ©TM Forum 2026. All Rights Reserved.

Sheet Guideline
B2: I. Introduction
B3: The scope of this questionnaire is to assess Individual Service Fault Management scenario
B4: The assessment is process-based and intended to be vendor-independent and where possible technology independent
B5: Fault Management comprises the processes of Event Management, Incident Management and Field Operations
B6: The questionnaire is based on the principles described in TM Forum GB921 Business Process Framework (eTOM) Suite.
B7: We recommend you have the participation of relevant SMEs to complete the assessment (Engineers from NOC Level 1, 2, and 3 as well as automation experts)
B8: Each question is answered by selecting one of four options, A-D, option A being the highest level of autonomy and option D being the lowest
B9: More detailed guidelines per question are provided in the guideline section below
B12: II. Sub-scenarios
B13: The sub-scenarios are introduced based on the fault management category. Below is the list of sub-scenario described in IG1339 and IG1505A Individual Service Fault Management solution package.
B14: Sub-scenario-1:Service outage: Service outage is an unplanned interruption to a service constituting a major incident that requires immediate resolution to restore normal service operation as swiftly as possible. It represents a breach of the service level agreement (SLA) and directly impacts the customer experience, often triggering the service provider's major incident management process.
B15: Sub-scenario-2:Service degradation. Service Degradation is a measurable decline in the quality or performance of a service from its expected or agreed-upon level, as defined in the Service Level Agreement (SLA) or Service Level Objective (SLO). It is a state where the service remains operational but is impaired, negatively impacting the customer experience.
C18: III. Guideline for Answering ANL questionnaire - Version 1
B19: Cognitive Activity (IAADE) | C19: Service Capability | D19: Question | E19: Answering Guideline
B20: Intent | C20: ='Fault Management'!C4 -> Intent-driven | D20: How does the operations translate service impact analysis of a root-cause alarm (example traffic impact, customer impact, and so forth) into problem resolution service level (priority and service availability)? | E20: (A) The operations automatically and dynamically assign problem resolution service level to service impact alarm. (B) The operations automate the assigning of problem resolution service level to service impact alarm based on predefined static rules. (C) The operations assign problem resolution service level to service impact alarm based on manual process, assisted by tools and system. (D) Manually set problem resolution service level targets based on expertise (such as setting service impact category and priority) .
B21: Awareness | C21: ='Fault Management'!C5 -> Anomaly detection | D21: From monitoring to detection, the activities include data collection, alarm filtering, and anomaly detection. The question is to find out if the activities are done manually assisted by system or automated. | E21: (A) The operation adopted dynamic and programmable rules and policy, ML for the monitoring and detection without human intervention. (B) The event monitoring to anomal event detect operation is automated through predefined rules. (C) The anomal event monitoring to detection is a manual process. Human is assisted by tools or systems for the monitoring and detection.
B22: Analysis | C22: ='Fault Management'!C6 -> Root-cause analysis and demarcation | D22: For alarm correlation, root-cause analysis, and demarcation, the question is to find out if the activity is done manually assisted by system, or automated by rules and policy, or managed through AI model and AI algorithm. | E22: (A) The operation adopted AI model and AI algorithm to perform root-cause analysis and achieve high accuracy of demarcation. (B) The operation automates the root-cause analysis and demarcation through programmable or dynamic policy and rules. (C) The operation automates the root-cause analysis and demarcation through predefined static rules. (D) The root-cause analysis and demarcation are primarily handled by manual process, assisted by tools and system.
C23: ='Fault Management'!C7 -> Service Impact Analysis | D23: Upon root-cause demarcated, the question is to find out if the service impact analysis activity is done manually assisted by system, or automated by rules and policy, or managed through AI model and AI algorithm. | E23: (A) The operation adopted AI model, AI algorithm and digital twin networks to perform service impact analysis with high accuracy and to prioritize problem resolution. (B) The operation automates the service impact analysis through programmable or dynamic policy and rules which includes topology based rules (C) The operation automates the service impact analysis through predefined static rules. (D) The service impact analysis is primarily handled by manual process, assisted by tools and system.
C24: ='Fault Management'!C8 -> Root-cause fault locating | D24: For trouble ticket creation, ticket assignment, fault diagnosis and root-cause fault locating, the question is to find out if the activities are done manually assisted by system, or automated by rules and policy, or managed through AI agent. | E24: (A) The operation orchestrates AI agent or other agentic AI capability to perform diagnosis and root-cause locating with high accuracy. (B) The operation automates the diagnosis and root-cause locating through programmable or dynamic policy and rules. (C) The operation automates the diagnosis and root-cause locating through predefined static rules. (D) The diagnosis and root-cause locating are primarily handled by manual process, assisted by tools and system.
C25: ='Fault Management'!C9 -> Solution generation | D25: For the fault recovery solution generation, the question is to find out if the activity is done manually assisted by system, or automated by rules and policy, or managed through AI capability and digital twin networks | E25: (A) The operation adopted AI agent and/or AI-copilot to generate possible solutions in collaboration with digital twin networks and RAG technique to retrieve the solutions from LLM. (B) The operation automates the solution generation; example self-healing, self-restore or self-optimization through programmable or dynamic policy and rules. (C) The operation automates the solution generation through predefined static rules. (D) The solution generation is primarily handled by manual process, assisted by tools and system.
B26: Decision | C26: ='Fault Management'!C10 -> Evaluation and decision making | D26: For the solutions evaluation and decision making, the question is to find out if the activity is done manually assisted by system, or automated by rules and policy, or managed through AI agent and digital twin network. | E26: (A) The operation adopted AI Models and digital twin network to evaluate solution options, and then recommend the best choice, leveraging AI's ability to process data and predict results based on probabilistic outcomes. (B) The System automates the evaluation of solution generation, recommends the optimal solution to be executed using dynamic rules and policy and may require human approval. (C) The operation automates the evaluation of solution generation, recommend an optimum solution and configuration through script based for self-recovery and may require human approval. (D) Remediation options, risk assessment and selection of appropriate solutions are manually done
B27: Execution | C27: ='Fault Management'!C11 -> Solution execution and verification | D27: The solution execution activities include remote resolution, work order creation and closure, workforce scheduling and field engineer dispatch for onsite resolution. The question is to find out if the solution execution activities are done manually assisted by system, or automated by rules and policy, or managed through Agentic AI capability. | E27: (A) Remote recovery. The operation adopted AI agent or agentic AI capability to remotely execute the solution; example cell outage compensation and IP traffic redirect and so forth. Onsite recovery. The field maintenance engineer adopted AI-copilot technology to assist in problem resolution. (B) Remote recovery. The system automatically executes the recovery or rectification solution through dynamic rules and policy (Automatic repair excludes the faults that on-site handling is necessary, such as power supply failure, board fault, fiber cut, etc). Onsite recovery. The system support on-site instruction and efficient information through NOC assistance. (C) Remote recovery. The system automates the recovery solution through predefined rules with human confirmation. Onsite recovery. The on-site handling are assisted by tool, but still requires assistance from NOC. (D) Remote recovery. The recovery solution need to be manually implemented. On site recovery. On-site manual handling is guided by NOC.

Sheet Fault Management
A1: High-Value Scenario | B1: Cognitive Activity (IAADE) | C1: Service Capability | D1: Weight | E1: Question | F1: Option A | G1: Option B | H1: Option C | I1: Option D | J1: compliance with standards Y/N | K1: Source of the standard | L1: Sub-Scenario Answer (Refer to IG1339 for sub-scenario list) | N1: Interpretating on question | O1: Understanding of selecting the option
L2: Service outages | M2: Service degradation
L3: 0.7 | M3: 0.3
A4: Individual Service - Fault Management | B4: Intent | C4: Intent-driven | D4: 0.1 | E4: How does the operations translate service impact analysis of a root-cause alarm (example traffic impact, customer impact, and so forth) into problem resolution service level (priority and service availability)? | F4: (A) The operations automatically and dynamically assign problem resolution service level to service impact alarm. | G4: (B) The operations automate the assigning of problem resolution service level to service impact alarm based on predefined static rules. | H4: (C) The operations assign problem resolution service level to service impact alarm based on manual process, assisted by tools and system. | I4: (D) Manually set problem resolution service level targets based on expertise (such as setting service impact category and priority) . | J4: N
B5: Awareness | C5: Anomaly detection | D5: 0.1 | E5: From monitoring to detection, the activities include data collection, alarm filtering, and anomaly detection. The question is to find out if the activities are done manually assisted by system or automated. | F5: (A) The operation adopted dynamic and programmable rules and policy, ML for the monitoring and detection without human intervention. | G5: (B) The event monitoring to anomal event detect operation is automated through predefined rules. | H5: (C) The anomal event monitoring to detection is a manual process. Human is assisted by tools or systems for the monitoring and detection. | J5: Y | K5: Outages GB921 Process Identifier 1.5.8.1 Survey & Analyze Resource Trouble Degradation GB921 Process Identifier 1.5.9.1 Monitor resource performance Risk Prediction GB921 Process Identifier 1.5.21.2 Detect Resource Anomaly
B6: Analysis | C6: Root-cause analysis and demarcation | D6: 0.15 | E6: For alarm correlation, root-cause analysis, and demarcation, the question is to find out if the activity is done manually assisted by system, or automated by rules and policy, or managed through AI model and AI algorithm. | F6: (A) The operation adopted AI model and AI algorithm to perform root-cause analysis and achieve high accuracy of demarcation. | G6: (B) The operation automates the root-cause analysis and demarcation through programmable or dynamic policy and rules. | H6: (C) The operation automates the root-cause analysis and demarcation through predefined static rules. | I6: (D) The root-cause analysis and demarcation are primarily handled by manual process, assisted by tools and system. | J6: Y | K6: Outages GB921 Process Identifier 1.5.8.2 Localize Resource Trouble Degradation GB921 Process Identifier 1.5.9.2 Analyze Resource Performance Risk prediction GB921 Process Identifier 1.5.21.3 Access Resource Anomaly
C7: Service Impact Analysis | D7: 0.1 | E7: Upon root-cause demarcated, the question is to find out if the service impact analysis activity is done manually assisted by system, or automated by rules and policy, or managed through AI model and AI algorithm. | F7: (A) The operation adopted AI model, AI algorithm and digital twin networks to perform service impact analysis with high accuracy and to prioritize problem resolution. | G7: (B) The operation automates the service impact analysis through programmable or dynamic policy and rules which includes topology based rules | H7: (C) The operation automates the service impact analysis through predefined static rules. | I7: (D) The service impact analysis is primarily handled by manual process, assisted by tools and system. | J7: Y | K7: Outages GB921 Process Identifier 1.5.8.1 Survey & Analyze Report Trouble Risk prediction GB921 Process Identifier 1.5.21.3 Access Resource Anomaly
C8: Root-cause fault locating | D8: 0.1 | E8: For trouble ticket creation, ticket assignment, fault diagnosis and root-cause fault locating, the question is to find out if the activities are done manually assisted by system, or automated by rules and policy, or managed through AI agent. | F8: (A) The operation orchestrates AI agent or other agentic AI capability to perform diagnosis and root-cause locating with high accuracy. | G8: (B) The operation automates the diagnosis and root-cause locating through programmable or dynamic policy and rules. | H8: (C) The operation automates the diagnosis and root-cause locating through predefined static rules. | I8: (D) The diagnosis and root-cause locating are primarily handled by manual process, assisted by tools and system. | J8: Y | K8: GB921 Process Identifier: 1.5.8.2 Localize Resource Trouble
C9: Solution generation | D9: 0.1 | E9: For the fault recovery solution generation, the question is to find out if the activity is done manually assisted by system, or automated by rules and policy, or managed through AI capability and digital twin networks | F9: (A) The operation adopted AI agent and/or AI-copilot to generate possible solutions in collaboration with digital twin networks and RAG technique to retrieve the solutions from LLM. | G9: (B) The operation automates the solution generation; example self-healing, self-restore or self-optimization through programmable or dynamic policy and rules. | H9: (C) The operation automates the solution generation through predefined static rules. | I9: (D) The solution generation is primarily handled by manual process, assisted by tools and system. | J9: Y | K9: GB921 Process Identifier: 1.5.9.4 Report Resource Performance
B10: Decision | C10: Evaluation and decision making | D10: 0.15 | E10: For the solutions evaluation and decision making, the question is to find out if the activity is done manually assisted by system, or automated by rules and policy, or managed through AI agent and digital twin network. | F10: (A) The operation adopted AI Models and digital twin network to evaluate solution options, and then recommend the best choice, leveraging AI's ability to process data and predict results based on probabilistic outcomes. | G10: (B) The System automates the evaluation of solution generation, recommends the optimal solution to be executed using dynamic rules and policy and may require human approval. | H10: (C) The operation automates the evaluation of solution generation, recommend an optimum solution and configuration through script based for self-recovery and may require human approval. | I10: (D) Remediation options, risk assessment and selection of appropriate solutions are manually done | J10: Y | K10: GB921 Process Identifier: 1.5.8.3 Create & Resolve Resource Trouble Risk prediction GB921 Process Identifier 1.5.21.4 Mitigate Resource Anomaly
B11: Execution | C11: Solution execution and verification | D11: 0.2 | E11: The solution execution and verification activities include remote resolution, work order creation and closure, workforce scheduling and field engineer dispatch for onsite resolution. The question is to find out if the solution execution activities are done manually assisted by system, or automated by rules and policy, or managed through Agentic AI capability. | F11: (A) Remote recovery. The operation adopted AI agent or agentic AI capability to remotely execute the solution; example cell outage compensation and IP traffic redirect and so forth. Onsite recovery. The field maintenance engineer adopted AI-copilot technology to assist in problem resolution. | G11: (B) Remote recovery. The system automatically executes the recovery or rectification solution through dynamic rules and policy (Automatic repair excludes the faults that on-site handling is necessary, such as power supply failure, board fault, fiber cut, etc). Onsite recovery. The system support on-site instruction and efficient information through NOC assistance. | H11: (C) Remote recovery. The system automates the recovery solution through predefined rules with human confirmation. Onsite recovery. The on-site handling are assisted by tool, but still requires assistance from NOC. | I11: (D) Remote recovery. The recovery solution need to be manually implemented. On site recovery. On-site manual handling is guided by NOC. | J11: Y | K11: GB921 Process Identifier: 1.5.5.7 Manage Resource Work Order
C12: sum | D12: =SUM(D4:D11) -> 1
A14: Note: 1) The questionnaire is intended for pilot use and will serve as input for future standardization efforts. 2) The metrics is gathered from historical NOC practice 3) It is subject to change as more meaningful project data are collected. 4) The range defines the unit or scale of measurement, such as minutes or days. The corresponding Indicator Value column captures the exact numerical value of the indicator within that selected range.
A17: Effective Indicator | D17: Weight | E17: Description | F17: Option A | G17: Option B | H17: Option C | I17: OptionD | J17: Answers | K17: Indicator Value | L17: Comments
A18: Mean Time to Repair (MTTR) | D18: 0.5 | E18: What is the average mean time for the fault repair (time period between fault recovery time and fault detected time)? This duration includes the time taken for fault awareness, analysis, solution generation, and repair. Calculation formula: MTTR Benchmark = (Fault recovery time - Fault detected time) / Number of trouble tickets within a specific period of time Definition: Fault recovery time is the time when the impacted network equipment reports that the alarm is cleared. Fault detected time is the time when the fault occured and alarm detected . Notes: 1. CSP to provide one month trouble tickets and log file. 2. Each of the trouble ticket needs to be recorded with fault detect and recovery time. 3. MTTR Benchmark refers to remote recovery of fault (critical and major alarms). | F18: <=1 hour | G18: > 1 hour, < 4 hour | H18: > = 4 hour | I18: > = 8 hour
A19: Zero-touch Trouble Ticket(TT) ratio | D19: 0.5 | E19: What is the percentage of trouble tickets without NOC manual intervention among all trouble tickets? Formula: Zero-touch TT ratio = Number of trouble tickets without NOC manual intervention / Number of trouble tickets within a specific period of time Notes: 1. CSP to provide one month trouble tickets and log information. 2. No manual intervention with NOC means that no NOC human employee effort on O&M activities such as correlation, root cause analysis, diagnosis, network configuration, etc. The activities exclude information review and decision approval. | F19: 30% - 40% | G19: 10% - 30% | H19: 5% - 10% | I19: < 5%

Sheet Scoring
A1: High-Value Scenario | B1: Cognitive Activity (IAADE) | C1: Service Capability | D1: Weight | E1: Question | F1: Method 1: Average (Official use)
F2: Criteria | J2: Answer | L2: Service outages | O2: Service degradation | R2: Capability final score(70%)
L3: 0.7 | O3: 0.3
F4: Option A | G4: Option B | H4: Option C | I4: Option D | J4: Service outages | K4: Service degradation | L4: Original score | M4: Compensated score | N4: Overall Score | O4: Original score | P4: Compensated score | Q4: Overall Score
A5: Individual Service - Fault Management | B5: Intent | C5: Intent-driven | D5: 0.1 | E5: How does the operations translate service impact analysis of a root-cause alarm (example traffic impact, customer impact, and so forth) into problem resolution service level (priority and service availability)? | F5: 4 | G5: 3 | H5: 2 | I5: 1 | J5: ='Fault Management'!L4 -> 0 | K5: ='Fault Management'!M4 -> 0 | L5: =IF(J5="A",F5,IF(J5="B",G5,IF(J5="C",H5,IF(J5="D",I5)))) -> FALSE | M5: =L5 -> FALSE | N5: =SUMPRODUCT(M5:M12,D5:D12) -> #DIV/0! | O5: =IF(K5="A",F5,IF(K5="B",G5,IF(K5="C",H5,IF(K5="D",I5)))) -> FALSE | P5: =O5 -> FALSE | Q5: =SUMPRODUCT(P5:P12,D5:D12) -> #DIV/0! | R5: =(N5*L3+Q5*O3)/(L3+O3) -> #DIV/0!
B6: Awareness | C6: Anomaly detection | D6: 0.1 | E6: From monitoring to detection, the activities include data collection, alarm filtering, and anomaly detection which include risk prediction. The question is to find out if the activities are done manually assisted by system or automated. | F6: 3 | G6: 2 | H6: 1 | J6: ='Fault Management'!L5 -> 0 | K6: ='Fault Management'!M5 -> 0 | L6: =IF(J6="A",F6,IF(J6="B",G6,IF(J6="C",H6,IF(J6="D",I6)))) -> FALSE | M6: =IF(AND(L6=3,AVERAGE(L5,L7,L8,L9,L10,L11,L12)>3),AVERAGE(L5,L7,L8,L9,L10,L11,L12),L6) -> #DIV/0! | O6: =IF(K6="A",F6,IF(K6="B",G6,IF(K6="C",H6,IF(K6="D",I6)))) -> FALSE | P6: =IF(AND(O6=3,AVERAGE(O5,O7,O8,O9,O10,O11,O12)>3),AVERAGE(O5,O7,O8,O9,O10,O11,O12),O6) -> #DIV/0!
B7: Analysis | C7: Root-cause analysis and demarcation | D7: 0.15 | E7: For alarm correlation, root-cause analysis, and demarcation, the question is to find out if the activity is done manually assisted by system, or automated by rules and policy, or managed through AI model and AI algorithm. | F7: 4 | G7: 3 | H7: 2 | I7: 1 | J7: ='Fault Management'!L6 -> 0 | K7: ='Fault Management'!M6 -> 0 | L7: =IF(J7="A",F7,IF(J7="B",G7,IF(J7="C",H7,IF(J7="D",I7)))) -> FALSE | M7: =L7 -> FALSE | O7: =IF(K7="A",F7,IF(K7="B",G7,IF(K7="C",H7,IF(K7="D",I7)))) -> FALSE | P7: =O7 -> FALSE
C8: Service Impact Analysis | D8: 0.1 | E8: Upon root-cause demarcated, the question is to find out if the service impact analysis activity is done manually assisted by system, or automated by rules and policy, or managed through AI model and AI algorithm. | F8: 4 | G8: 3 | H8: 2 | I8: 1 | J8: ='Fault Management'!L7 -> 0 | K8: ='Fault Management'!M7 -> 0 | L8: =IF(J8="A",F8,IF(J8="B",G8,IF(J8="C",H8,IF(J8="D",I8)))) -> FALSE | M8: =L8 -> FALSE | O8: =IF(K8="A",F8,IF(K8="B",G8,IF(K8="C",H8,IF(K8="D",I8)))) -> FALSE | P8: =O8 -> FALSE
C9: Root-cause locating | D9: 0.1 | E9: For trouble ticket creation, ticket assignment, fault diagnosis and root-cause fault locating, the question is to find out if the activities are done manually assisted by system, or automated by rules and policy, or managed through AI agent. | F9: 4 | G9: 3 | H9: 2 | I9: 1 | J9: ='Fault Management'!L8 -> 0 | K9: ='Fault Management'!M8 -> 0 | L9: =IF(J9="A",F9,IF(J9="B",G9,IF(J9="C",H9,IF(J9="D",I9)))) -> FALSE | M9: =L9 -> FALSE | O9: =IF(K9="A",F9,IF(K9="B",G9,IF(K9="C",H9,IF(K9="D",I9)))) -> FALSE | P9: =O9 -> FALSE
C10: Solution generation | D10: 0.1 | E10: For the fault recovery solution generation, the question is to find out if the activity is done manually assisted by system, or automated by rules and policy, or managed through AI capability and digital twin networks | F10: 4 | G10: 3 | H10: 2 | I10: 1 | J10: ='Fault Management'!L9 -> 0 | K10: ='Fault Management'!M9 -> 0 | L10: =IF(J10="A",F10,IF(J10="B",G10,IF(J10="C",H10,IF(J10="D",I10)))) -> FALSE | M10: =L10 -> FALSE | O10: =IF(K10="A",F10,IF(K10="B",G10,IF(K10="C",H10,IF(K10="D",I10)))) -> FALSE | P10: =O10 -> FALSE
B11: Decision | C11: Evaluation and decision making | D11: 0.15 | E11: For the solutions evaluation and decision making, the question is to find out if the activity is done manually assisted by system, or automated by rules and policy, or managed through AI agent and digital twin network. | F11: 4 | G11: 3 | H11: 2 | I11: 1 | J11: ='Fault Management'!L10 -> 0 | K11: ='Fault Management'!M10 -> 0 | L11: =IF(J11="A",F11,IF(J11="B",G11,IF(J11="C",H11,IF(J11="D",I11)))) -> FALSE | M11: =L11 -> FALSE | O11: =IF(K11="A",F11,IF(K11="B",G11,IF(K11="C",H11,IF(K11="D",I11)))) -> FALSE | P11: =O11 -> FALSE
B12: Execution | C12: Solution execution and verification | D12: 0.2 | E12: The solution execution activities include remote resolution, work order creation and closure, workforce scheduling and field engineer dispatch for onsite resolution. The question is to find out if the solution execution activities are done manually assisted by system, or automated by rules and policy, or managed through Agentic AI capability. | F12: 4 | G12: 3 | H12: 2 | I12: 1 | J12: ='Fault Management'!L11 -> 0 | K12: ='Fault Management'!M11 -> 0 | L12: =IF(J12="A",F12,IF(J12="B",G12,IF(J12="C",H12,IF(J12="D",I12)))) -> FALSE | M12: =L12 -> FALSE | O12: =IF(K12="A",F12,IF(K12="B",G12,IF(K12="C",H12,IF(K12="D",I12)))) -> FALSE | P12: =O12 -> FALSE
D13: =SUM(D3:D12) -> 1
A16: Effective Indicator | D16: Weight | E16: Description | F16: Option A | G16: Option B | H16: Option C | I16: Option D | J16: Answer | K16: Score | L16: Effective Indicator Final Score (30%)
A17: ='Fault Management'!A18:C18 -> Mean Time to Repair (MTTR) | D17: ='Fault Management'!D18 -> 0.5 | E17: ='Fault Management'!E18 -> What is the average mean time for the fault repair (time period between fault recovery time and fault detected time)? This duration includes the time taken for fault awareness, analysis, solution generation, and repair. Calculation formula: MTTR Benchmark = (Fault recovery time - Fault detected time) / Number of trouble tickets within a specific period of time Definition: Fault recovery time is the time when the impacted network equipment reports that the alarm is cleared. Fault detected time is the time when the fault occured and alarm detected . Notes: 1. CSP to provide one month trouble tickets and log file. 2. Each of the trouble ticket needs to be recorded with fault detect and recovery time. 3. MTTR Benchmark refers to remote recovery of fault (critical and major alarms). | F17: 4 | G17: 3 | H17: 2 | I17: 1 | J17: ='Fault Management'!J18 -> 0 | K17: =IF(J17="A",F17,IF(J17="B",G17,IF(J17="C",H17,IF(J17="D",I17)))) -> FALSE | L17: =(D17*K17+D18*K18)/(D17+D18) -> 0
A18: ='Fault Management'!A19:C19 -> Zero-touch Trouble Ticket(TT) ratio | D18: ='Fault Management'!D19 -> 0.5 | E18: ='Fault Management'!E19 -> What is the percentage of trouble tickets without NOC manual intervention among all trouble tickets? Formula: Zero-touch TT ratio = Number of trouble tickets without NOC manual intervention / Number of trouble tickets within a specific period of time Notes: 1. CSP to provide one month trouble tickets and log information. 2. No manual intervention with NOC means that no NOC human employee effort on O&M activities such as correlation, root cause analysis, diagnosis, network configuration, etc. The activities exclude information review and decision approval. | F18: 4 | G18: 3 | H18: 2 | I18: 1 | J18: ='Fault Management'!J19 -> 0 | K18: =IF(J18="A",F18,IF(J18="B",G18,IF(J18="C",H18,IF(J18="D",I18)))) -> FALSE
E21: `
I24: High Value Scenario Capability Score | L24: =R5 -> #DIV/0!
I28: High Value Scenario Effective Indicator Score | L28: =L17 -> 0

Sheet Acknowledgements
D5: Member | E5: Company | F5: Role*
D6: Kevin McDonnell | E6: Huawei | F6: Project Chair
D7: Pedro Garcia Parra | E7: Telefónica | F7: Project Co-Chair
D8: Fernando Camacho | E8: Huawei | F8: Project Co-Chair
D9: Khiang Chew Goh | E9: Huawei | F9: Author
D10: Delia Deng | E10: Huawei | F10: Key Contributor
D11: Charlene Wong | E11: Huawei | F11: Key Contributor
D12: Yunhe Wu | E12: Huawei | F12: Reviewer
D13: Tony Salim | E13: Ericsson | F13: Reviewer
D14: Saeed Zidan | E14: Ericsson | F14: Reviewer
D15: Luqman Shantal | E15: Makman Technology Consulting | F15: Reviewer
D16: Menno Groen | E16: KPN | F16: Reviewer
... D24: Esa Vesterinen | E24: Detecon | F24: Reviewer

Sheet E2E Automation Ratio Checklist
A1: Sub Scenarios Service Capability | C1: Answer
C2: Service outages | D2: Service degradation
A3: Fault distribution (Total>=90%) | C3: ='Fault Management'!L3 -> 0.7 | D3: ='Fault Management'!M3 -> 0.3
A4: Intent | B4: Intent-driven | C4: =IF('Fault Management'!L4="A", "S","P") -> P | D4: =IF('Fault Management'!M4="A", "S","P") -> P
A5: Awareness | B5: Anomal event detection | C5: =IF('Fault Management'!L5="A", "S","P") -> P | D5: =IF('Fault Management'!M5="A", "S","P") -> P
A6: Analysis | B6: Root-cause analysis and demarcation | C6: =IF('Fault Management'!L6="A", "S","P") -> P | D6: =IF('Fault Management'!M6="A", "S","P") -> P
B7: Service Impact Analysis | C7: =IF('Fault Management'!L7="A", "S","P") -> P | D7: =IF('Fault Management'!M7="A", "S","P") -> P
B8: Root-cause fault locating | C8: =IF('Fault Management'!L8="A", "S","P") -> P | D8: =IF('Fault Management'!M8="A", "S","P") -> P
B9: Solution generation | C9: =IF('Fault Management'!L9="A", "S","P") -> P | D9: =IF('Fault Management'!M9="A", "S","P") -> P
A10: Decision | B10: Evaluation and decision making | C10: =IF('Fault Management'!L10="A", "S","P") -> P | D10: =IF('Fault Management'!M10="A", "S","P") -> P
A11: Execution | B11: Solution execution and verification | C11: =IF('Fault Management'!L11="A", "S","P") -> P | D11: =IF('Fault Management'!M11="A", "S","P") -> P
A12: whether end-to-end automation is achieved
A13: End-to-End Automation Rate=Sum of the Proportions of End-to-End Automated Sub-scenarios in the Live Network
A15: P: People | B15: S: System | C15: NA: Not Applicable
A16: *1: According to the AN Level Definition, at the AN L4 Stage, End-to-End Automation is Achieved for Selected Scenarios in Awareness, Analysis, Decision-Making, and Execution.
A17: *2: For solution implementation capability:
A18: S: Automated Handling by system
A19: 1. Automated remote implementation: Solutions can be automated implemented remotely through automated systems.
A20: 2. On-site implementation with precision: For cases requiring on-site intervention, the work order includes accurate(>90% ) root cause analysis, solution recommendations, or step-by-step operational guidance to ensure successful implementation in a single visit.
A21: 3. High-risk network operations review: High-risk implementation instructions require manual review before execution.
A22: P: Manual Handling by O&M Personnel
A23: 1. Manual remote implementation: Can be handled remotely, but not through automated systems; it requires manual intervention (not automated)
A24: 2. On-site implementation without precision: For cases requiring on-site intervention, the work order lacks accurate root cause analysis, solution recommendations, or requires multiple visits to complete the implementation.
